CONS_NO,anomaly_preds,autoencoder_preds,xgb_preds,rf_preds,true_labels
B73893B9BB41D939490A4379A5D2E78E,0,0,0,0,0
3D0F738B9F2E26E872D4AF39840F19C3,0,0,0,0,0
2920EB014F35BC4248F7255C85733472,0,0,0,0,0
970B95A67EC2136B0ED69CECC5C58130,0,0,0,0,0
51EB641C4625403BA0B6BB71DCAEEB3F,0,0,0,0,0
92DD8EA9C024BF9719CFA38C1CDFAE98,1,0,0,0,0
4626127EDC7E6C07B0DEE8948DCD2B98,0,0,0,0,0
6E0B96A41E51F2BB4C127C344633AC7C,0,0,0,0,0
4C391C62E4F4AEBC3E91147F73BC1669,0,0,0,0,0
B3FE87D0E8031089B53ECF2616DC46A0,1,0,0,0,0
EFE3E1F90ECF0CA6BCE94E152229A258,0,0,0,0,0
111C8BE24018DADCD96A8692FCAB9F79,0,0,0,0,0
24B26CE91153E439A91A7B5F50DBE708,0,0,0,0,0
8FD07EAC0993306798197629CC78507D,0,0,0,0,0
674161C087608F2C63C3E1932EFE9D12,0,0,0,0,0
30B76B70FA880DC626F679F8896307B6,0,0,0,0,0
93DEAC18A32C0DC2AC13DD6F29F5E971,0,0,0,0,0
227BF7A8BD61C8389518159BA355F99A,0,0,0,0,0
C33F840959C60642C75FF4000F563295,0,0,0,0,0
57B2F36BECF422CDE0802078FFA745C3,0,0,0,0,0
6C751E917D83F932DE72538275B4B5BA,0,0,0,0,0
112A3E2A59D83E2CD9E340B220ECFB2A,0,0,0,0,0
11CCFF7F271CF95835B7C327C361FC06,0,0,0,0,0
336697DCFF52E6199C2573237973B9AF,0,0,0,0,0
FA733386807A0B59AD68BE42D9492FB0,0,0,0,0,0
5F2C2DF30996706F689A916EDB29C756,0,0,0,0,0
FA164A23D23BC1B31B5881B9C5711DBC,0,0,0,0,0
918523EE8813D91239CB1BA94FA718BE,0,0,0,0,0
0153B8D7FECF2EDE30193A4700A3E07C,0,0,0,0,0
0044CB79DA311026975C29A60CBF2278,0,0,0,0,0
F05F5F188F4D5C6D0C5DC5269FB51B6C,0,0,0,0,0
1B784B885A614D7CB1EA4C02E165807C,0,0,0,0,0
31A1E5A1936D67ECE91BEC97AF4BE8C1,0,0,0,0,0
ED39ABA8222D4408842D8197A4FA32C5,0,0,0,0,0
6F07E3FEBE883E4A57EA21C990E632B5,0,0,0,0,0
241F0088AB79C48B0C15CFF293ACDD51,0,0,0,0,0
C86AC7A772BDB0CCC63E160540059CB9,0,0,0,0,0
54CA390DF29BA8D19EEBFFF890F06BBE,0,0,0,0,0
AF3CF1E7C36F55A622D1F67F3D815CF0,0,0,0,0,0
DEE6FDF0DDE981B36F5BBCE4CCDD6CB6,0,0,0,0,0
DFDD27F7CCB24630825C06C4D4F5DF9F,1,0,0,0,0
D8EE3C5E64F43A845620595DA41498EA,0,0,0,0,0
B85FFB1504C1E68CDEC3617CBA140E9C,1,0,0,0,0
69560B0CF60E15BC2D9CC517D2DF219A,0,0,0,0,0
50F7640CC52038C85A68CA98D55DB74A,1,0,0,0,0
05EE9BAFD4250ED11EA08A145B0C2219,1,0,0,0,0
2D08AE230F323C2D535BE2B7EE7927EE,0,0,0,0,0
928F8FDB842219373D6317BF730B5F06,0,0,0,0,0
EA819D88AF42F623718BA2DF143ED66E,0,0,0,0,0
BC1E824C381F6A561D502E13E68A78CC,0,0,0,0,0
AE2EFC1964CA60E21FD5BB6271AEA73A,0,0,0,0,0
A3379B6D3C0AD9A843ABA0D3638D6732,1,0,0,0,0
BBC1E81F0089F04B32B4CFE34A229690,0,0,0,0,0
76EDA53C755A280E957C0F9C7B3DD3AF,1,1,0,0,0
DDC45B355777CC6F3DD710430B9A8FBE,0,0,0,0,0
8C591514A459C12A774BA8E2DCD641AA,1,0,0,0,0
95A16D82753F9F452B214A43B61D3A86,0,0,0,0,0
F66ED69D80AA075CDB10E4BB491103E4,0,0,0,0,0
B8A9C1FA0BF8363AE726EACD9F9C4068,0,0,0,0,0
D6DAF8A7443B7D33BED7F293CF57E93A,0,0,0,0,0
E64624964D057E0189950182B356B286,0,0,0,0,0
DAF16C9CCF985383B80336F15D8C2BF5,0,0,0,0,0
A908805686CD3BD5E70A724A8C49B3D5,0,0,0,0,0
DE75AEA2714D9C5B83126BA4C444920A,0,0,0,0,0
5A487A92276EADEDF6F96978AF7C7D6D,0,0,0,0,0
19F6B364A874799DF1A5AE5FF1C057FE,0,0,0,0,0
4EAFB64BA7D354F48CAF6FC29127E7DE,0,0,0,0,0
360B18DEF6F86918F3AC90B3C87A28F0,0,0,0,0,0
3C08287B3B682DE10918888276193CE6,0,0,0,0,0
864C587AB06964492F841C74B78978B6,1,0,0,0,0
C63FC0126563DDB3CE67992B1D0F9588,0,0,0,0,0
EFEF029C7299BCE2B6F213DF7CF8204C,0,0,0,0,0
95A0B1805EEDF13800465CE73FEF0D7D,0,0,0,0,0
2205867379CD0FEC77F5CC365054C29E,0,0,0,0,0
D4AE7A5E27545B13A209D3A5A0F1EDA2,0,0,0,0,0
813FD114C4577C26962ABFC07D7162A3,0,0,0,0,0
3307232391E49ADE737B82E4E67DEA32,0,0,0,0,0
99C630AF89C12108AA1715265A92AD17,0,0,0,0,0
E83CC580090C30B05B5C698C2B27F5DF,0,0,0,0,0
F13A204F98CAFD6F12F3CC57397416AC,0,0,0,0,0
4B73183C9C30488AC5BC6B06863F3CA9,1,0,0,0,0
1B472C01EC1340E3B22ECA07D2D08151,0,0,0,0,0
A6CDD2A715EF6C983945E6BE5FE574EA,1,0,0,0,0
776E4B86C3891A173964C408E4594640,0,0,0,0,0
3AD289363381D67B3442CF93BDE72E59,1,0,0,0,0
1668778FC0BEDE5AD46F66E5F8DB6D27,0,0,0,0,0
6013E8EBEB1CE8E7E8EF9D9FD943770A,0,0,0,0,0
47893C5796481EA808CCE83D89C5AAD5,0,0,0,0,0
370DC108020691AF4A80372170976409,0,0,0,0,0
4505BA78D0ACDD331636FD6427274FDF,0,0,0,0,0
DEEE5385AA4CAF998644D6DE420EB85C,0,0,0,0,0
0CB89981F61A62FB9C6A95740B9A98FE,1,0,0,0,0
BCA00B1D5B4F072831B0D325B0B10DBB,0,0,0,0,0
43E49F41286AA67AE2121F5F767A79DE,0,0,0,0,0
87453E057EFE89E4146B27E6ED2CAEBF,0,0,0,0,0
D305B52ACEECD4F42A9AF09549405532,0,0,0,0,0
C7707100D3FDB9F5F22A36119829FAD3,0,0,0,0,0
473D8C2A9FC845E33EA4C81EF46F7187,0,0,0,0,0
21636519E73F919D4D5CF5872D787894,0,0,0,0,0
E6C9FCBC757972FA7569D507C47BA491,0,0,0,0,0
DE625BC90E61901AD0411359430A4B9C,0,0,0,0,0
076E247B3F81C6741480F69C6BAC9D45,0,0,0,0,0
3F07666760073022292FB0EB13A0BE31,1,0,0,0,0
557187171B640D0283F43792E224A810,1,0,0,0,0
630DCB2BC51E524730FB13AAA397C3EE,0,0,0,0,0
215F7943B2E7811CEBBF84FEC3779350,0,0,0,0,0
552752CC4BF9424E1B8BA25E2EBEC4B7,0,0,0,0,0
7218781641FCBB3689D4B623B99F1499,0,0,0,0,0
45990F1657CB2DFAF639B17F8DD4CC8A,0,0,0,0,0
3342E1F90BEDAAA90FE643671DB75FB6,0,0,0,0,0
0376DED464E5EC92F26FAD7C4F5F7267,0,0,0,0,0
FE57EBBE98DAC81C6CDB4E96C30387F1,0,0,0,0,0
DD9FADE88DFEDDA38BE0DF2D1A4D98FE,1,0,0,0,0
FDCD316065A15F862A31A4B214A10700,1,0,0,0,0
473AE69F008FA1534ABBD86988AF5DB8,0,0,0,0,0
6738FF5526C2747CD206FF25DD4BA63D,0,0,0,0,0
B0E69F10A203362BD1AA21F5ABDE8BE4,0,0,0,0,0
91DB6CF3F307D2DEE03207DC620C43AD,1,0,0,0,0
FC0BB12F5629FA552EBCA8FAECFA63AC,0,0,0,0,0
AABC34EB572E17AEBFEDDDAFC4AD4DDC,0,0,0,0,0
1CD193598B852919D873E05A3FB0DB68,0,0,0,0,0
743D477D6AB587A50D97E0EE1C0A9C58,0,0,0,0,0
501D662F0E8A7DDA7F47801AC77F4351,0,0,0,0,0
77C3A6F92A40492533D6B0EA950A1AAB,0,0,0,0,0
9F06C9FAFD8F70CAE4F683241DDA09EA,0,0,0,0,0
153209AE206EE57B5EFA09035DB1FBB3,1,0,0,0,0
AB1AB4F31170F5DF2B9C36FF11FA9EC8,0,0,0,0,0
E2DE71EED7E5E003E4F20838A041A057,0,0,0,0,0
5B095AF333A434200FCD4C7F48A895FE,0,0,0,0,0
B8928BD868E9ABC530E4FA850979E27C,0,0,0,0,0
B605F8B89668BEBB65F4BE06DD78D93A,0,0,0,0,0
8CB825FA7F17509395737D3910242C8A,0,0,0,0,0
558B4285E54E7B6174B48A4B8EE7F9B7,0,0,0,0,0
60F090590815B9EF3C9CEB3138CAC254,0,0,0,0,0
8AA429A24ED7B56FEB868844BDA100F2,1,0,0,0,0
23CAA52D939901287EE069998BDA9E92,0,0,0,0,0
50135BFE361578B21C310D3B5256815F,0,0,0,0,0
253C9A998F406EA0EC6184FB39DF502D,0,0,0,0,0
3595C146962C796440AB16DEEC7D308F,1,0,0,0,0
5851B7359B6669C32615C4E3919119DF,0,0,0,0,0
C42106A578B21D0C1D38462543A57593,0,0,0,0,0
F17E8917FE76F64A8FB98D1C80A1BD78,0,0,0,0,0
E7E518C3D78F1EC7D87A79CE059F50AD,0,0,0,0,0
E87C93870AEC7A44B48ED5D94DD98D90,0,0,0,0,0
BD894A5205A08D6E4A289B5CB7BE68A7,0,0,0,0,0
ECD0E24A501A857A4B0A3DA42855B45D,0,0,0,0,0
DB7AFF039BDDE2FED0F9A69B86350E95,0,0,0,0,0
7302ADE6FC97FA47B0C0149F6A07660A,0,0,0,0,0
9491DB6C82B0C47637BE0FCD0DD977C7,0,0,0,0,0
3235A8705585949C7C49A8657663E260,0,0,0,0,0
DDC2B4B12C3DF6449040781B13377F23,0,0,0,0,0
80992EC8D31C1D85D2E312CBFBEAFC75,0,0,0,0,0
4EA870FB4955F65EFEE04CF1B774EAB1,0,0,0,0,0
73E1F67FC85B8C3F3C144D84FE252B58,1,0,0,0,0
03088AFB3D6052CEB9A5DBC9CC2984B6,0,0,0,0,0
4F08C54B9E1C22867A67699578282E74,1,1,0,0,0
DE5F87752BEBD83DC95F3572EDF5143D,0,0,0,0,0
0286F584876C8D8983BFF68459CE04EE,0,0,0,0,0
260C9DC6D16681848AA65160E65E606F,0,0,0,0,0
25CFC033FB33A853051C22231A4C422D,0,0,0,0,0
BE265F5430F518BF88C1D28B26EADDB3,0,0,0,0,0
B5E2124BBEBE5234492724C72629D276,0,0,0,0,0
BE3051660BE2705D7FEA6E3E1431B923,0,0,0,0,0
3866E4F6CEB49685144BEB711E8212DC,0,0,0,0,0
03F1CC26F9885BF66826682BD23940B3,0,0,0,0,0
0A7F166D6A883A69F4C01FFDAA2D17B9,0,0,0,0,0
DFB1388BC989E758254A641C729DF615,0,0,0,0,0
62403DE51C7D33C64D825F964B3D094B,0,0,0,0,0
7E96A82F9A9578FAD67ECCA2C55C455C,0,0,0,0,0
7AB97A34AF52B694BC8A566876766527,0,0,0,0,0
0996888B9B1671095172DEA7DFC07E70,0,0,0,0,0
2AF4499C5E600037920D177934B32CFB,0,0,0,0,0
1D27E7DC219C5868F4B599E480BD3AEB,1,0,0,0,0
903FE4DBA9540ED94A5D78CCD8D69777,1,0,0,0,0
1A589B2D2F42EB08304000922910A97E,0,0,0,0,0
4CD6C528410A41561EEA0D8722B4BE6A,0,0,0,0,0
788EC9D695C5147836ACE2732C989858,0,0,0,0,0
A29584749CE8CDDC8A12012F9817018E,0,0,0,0,0
99ABA2987CCE8B9E3CA164C2D639348B,0,0,0,0,0
BF18B205A6FEFC51BF1D186924A61EEC,0,0,0,0,0
C12DEFDA402AFB348CB91FA59B3E4F94,0,0,0,0,0
56D196E569E839BFCE9535277E9EFB90,1,0,0,0,0
30764D58F045153EEA0298FEF6D91E0F,0,0,0,0,0
287F5FA80E0270A811B7CE38F29C6064,0,0,0,0,0
BA7E0A7513B191A0D86450114B603EC0,0,0,0,0,0
7423FFC6FFEFE43C0624EF9AB3C691C6,0,0,0,0,0
10DE04119ADCEFA289EC01E6D435EEE9,0,0,0,0,0
F12B3A3BB834376D051D8959A60353C7,0,0,0,0,0
6693FF11CB0EDDA200665EFF3B2C4623,0,0,0,0,0
BB6021815142C5921B069D64334F3756,0,0,0,0,0
873BAB616A91EACD9A501D33161DB65C,0,0,0,0,0
C0012D9028CF5B7EE00D0CECBDDBB1CD,0,0,0,0,0
84742B3A084259758A5684BB86E0FA16,0,0,0,0,0
81440737F1139EEC6BE181C3E3B4408E,0,0,0,0,0
9C6CAFEBB01E69BA8FDCCA8B92927EA2,0,0,0,0,0
CD60C82C61E1E081F38511755259DA4A,0,0,0,0,0
CD7E4686E14F0637F17D763C5936A216,0,0,0,0,0
B159910AC3C8E9471EF086D6F878DB64,0,0,0,0,0
9873DF5A955529F2861217DECBE12F8D,0,0,0,0,0
D19BADAA6EFD28ADD24113A55E78A184,0,0,0,0,0
D97119CCD5124A41E07B483379F4C8B1,0,0,0,0,0
19626A8D71E4C04CB667B949DA61DBC3,0,0,0,0,0
EBC0BC65A364649DCFE72C8633460D19,0,0,0,0,0
2AE5D21907767459BA8716B89E89317A,0,0,0,0,0
AF2B53DCF10E86C9F2FF1ADDD8CC16C4,0,0,0,0,0
681C578C2C85B70071AAD208F33D36D2,0,0,0,0,0
88EC4348BEDEBBFB70DFBF796A90BF4E,1,1,0,0,0
A7B0DA8C18187257FE4D67DA7D2D15C0,0,0,0,0,0
BF1AEB82E98BFEEBDFB705E12E84B456,0,0,0,0,0
A49F7C9FAA1F2D5E6C0AE98EF07F8A4A,0,0,0,0,0
3CDBBD75F96F22A9323AF73FE609EE6B,0,0,0,0,0
46B59B9C6D5BFDE1F8E18BA5B2948988,0,0,0,0,0
93AC2E4FD9C7519C9CEE12E2B8991A47,0,0,0,0,0
3DC1A5C231E18A36C93F8B84E0743A2F,0,0,0,0,0
EEA174FC2D44F388572CAC8D726CCDB5,0,0,0,0,0
6D560AA6DD10A4B70F28691D095F93A1,0,0,0,0,0
130AAF58C9AA794187677F848F08A85C,0,0,0,0,0
5A0936758A24BF5DC4CD4AB1D53F8C47,0,0,0,0,0
C815887C2A0B653F5A8DF576B5B63487,0,0,0,0,0
CA6F75D6127E2B4DCCC0D62BF91ACFB6,0,0,0,0,0
556D78EA26C0C735354E3CDBAF891BF2,0,0,0,0,0
ED02BA80DCAF3D20889A52B909A89CEE,0,0,0,0,0
857EEEA5B511D077342FDBF158D5A5D6,0,0,0,0,0
FB384CC8F3E9DF9CD4990485D444A7A8,0,0,0,0,0
ECFB9F96C735638B5A13DADA09A7B940,0,0,0,0,0
1E255B7F545BEAD4719A247813FE2B9C,1,0,0,0,0
64ECAD1672891B53AE661E425FCD3D54,0,0,0,0,0
53DEF22684323F15855B98245CAC01EE,0,0,0,0,0
45B595C6DDCCA5CD1ED46DF8F67895C9,0,0,0,0,0
9A1AEAC64E81F44092C065042E5643EC,0,0,0,0,0
5EBBD767A5B8B7CB08AF3F553D6FECDB,0,0,0,0,0
90622E463DE5B2DFC525D145CAD14B03,0,0,0,0,0
9D67FE694EAFB11B79143BCAF6B61A40,0,0,0,0,0
7012DE4211E547E94559F86B7D65CC01,0,0,0,0,0
2E9D66A7D4C9122183F7D470E63880DF,0,0,0,0,0
D29D32A8C1C0E58276488AAFC2B9377F,0,0,0,0,0
1B3856A80B32BF1877F9CFB87658D05A,0,0,0,0,0
D0D1EEDEB91F1FF0CFB27B559587C311,0,0,0,0,0
83A048766BBB9D2C438E323B7E9AC5EF,0,0,0,0,0
E067180637F9A99E956321480F0FEDE3,0,0,0,0,0
64D112DFE46021312372BD53C25C1F0A,0,0,0,0,0
9C07ADF5177286B1C20F871379AD5739,0,0,0,0,0
7D2B333FD46479A3EAC689030920C2CF,0,0,0,0,0
FE9D8A5E25B3F27D4FBA57BC040844A2,0,0,0,0,0
1FBBB78F013BD1FAD85B348121202E54,0,0,0,0,0
1BF07A609640C260D4675E171015134A,0,0,0,0,0
6C9F515AE98131CDF5DB105A4BFC83CC,1,0,0,0,0
75B2C411F71FCA10FDD20C10B7CED8A5,0,0,0,0,0
1470CD7079C0734B29DDAB359B4D6A04,0,0,0,0,0
8E1F0CD8409D98B715B6CD953AEB46AB,0,0,0,0,0
A35663E710C900BA0E456301706E375A,0,0,0,0,0
D940D4FACA3CDE8079590C6B3F93C840,0,0,0,0,0
F2798F1E868F8D69AFFB730391301714,0,0,0,0,0
E92C6A33E5AA6275B4A56419DECE5E68,0,0,0,0,0
5FF6BAB987A998B2042E0781C83243D6,0,0,0,0,0
204D5547FE1536AC46DAD4B8A6F2162B,1,0,0,0,0
DC268642B42F803FFD2287549F622178,0,0,0,0,0
0EC41CDD736B83CAE1B9E73CD995E7DD,0,0,0,0,0
37639D74FE0036161AED1724F16EBB1E,0,0,0,0,0
D6FC72504C005CDEB3C3BBBED876A836,1,0,0,0,0
92FA41155A148E643B7C24A73EC8E4F0,0,0,0,0,0
9531BA0ED5296F07DD9F7F0A60873BAA,1,0,0,0,0
2203A33DAF31B9596ABC9503FE5544E3,0,1,0,0,0
FEB7172AB52F6582E4F6235F93C342D8,0,0,0,0,0
38CD0D3403FB8E31DC83C406738A1C19,0,0,0,0,0
C5E9FA24C780D6A6A3378A37B2413DC6,0,0,0,0,0
E486BE3D7D69D46FB86E9D5DDAA6BE55,0,0,0,0,0
7D83056C094E94E8FC596D29AFB1CC59,0,0,0,0,0
70518727073FA19289964EDE84B4189D,0,0,0,0,0
37E0086CC42DAAEC2C8CDBB5CA4392D8,0,0,0,0,0
ED081548FF3B5BB0D5477AA02E96E93B,0,0,0,0,0
A18884BF00A0CC5BBBE3C8DDC436B257,0,0,0,0,0
D9319F910723777461F19AA3334E5E33,1,0,0,0,0
A0B55619A6A60A6C98079EF29DC80BBE,0,0,0,0,0
4A8E304D3FEC8961E24B6C9413A26847,0,0,0,0,0
C6662717C0145573B1943F4324948A19,0,0,0,0,0
8919509B69364764C1E856A0BC7157F2,0,0,0,0,0
A31ED7139DBFEAAC2A0AA5541C0437E3,0,0,0,0,0
B25D751F8F75F2F28C5E97FC2FBD10FA,0,0,0,0,0
8F1591E3F998AF0E44FB742B6F84A125,0,0,0,0,0
FAC050B0DBDC685C3C5DA12326601102,0,0,0,0,0
E4510951967505E2814B7818CA17F594,0,0,0,0,0
02110482603E69FDDD955F4F10DDE590,0,0,0,0,0
32C74C931A7667CD74A47C88CEAC2920,0,0,0,0,0
8DCCB169E82F1A08755DA963639FE423,0,0,0,0,0
23BADFD763E0F01E4331B85FCD0F534A,0,0,0,0,0
59B49C7C6DF098F194409BC923C3C1A4,0,0,0,0,0
24CF671EEE2027D485A5BCAADCA471CF,0,0,0,0,0
3D9576F8A304DA981E45749C6EC185F0,1,0,0,0,0
FAF12417F4D4C2EF40D63226CCA76D6F,1,0,0,0,0
C387F1A0FDBB7F9E44CAA9AAAA1BE965,1,0,0,0,0
19997DF401E6D1E3177BC85D2E7B8FF1,0,0,0,0,0
056912079990CFCEE006C6737DFE3551,0,0,0,0,0
79C5C60737019B4CC5CADFCBD025AD15,0,0,0,0,0
30374C06FCFD0429523D78EE657D9F4C,0,0,0,0,0
5E58C058ECEC6ACC7EEE3FF03B05C60A,0,0,0,0,0
106C73F089B44603D78835068D673AD0,0,0,0,0,0
2BE62C22B8AA2BD910F2DDB3F4F48F0E,0,0,0,0,0
6E64E97ABF683285DBF0F6001800A397,0,0,0,0,0
E94BFCB7723229D8BA86F6BA2C911EBA,0,0,0,0,0
104DCF5039B39EB80C421815E69B4F19,0,0,0,0,0
E4832926ED8DD1A0B02BE543C8A9DE1A,0,0,0,0,0
4B6F9AA3C2C36E0A756B2F524A76496B,0,0,0,0,0
9D20AC5B928123637A161405F0C9F1D5,0,0,0,0,0
38153ABD263F0F1E0FE1F010EFC17818,0,0,0,0,0
FD39AF2AC330295142FA93CA694A443D,1,0,0,0,0
5C4DEE1D07EDB9594F84E47CA6248A3C,0,0,0,0,0
55A67A4C8013CCC71A4952C868602942,0,0,0,0,0
CA598AAF5C485C17C49AF4F5CAB3E78E,0,0,0,0,0
EA11B6A646B980CFA3A1296CF8EADE45,0,0,0,0,0
28C43B4E2E3DD518899CCA00772D70BD,0,0,0,0,0
A2DEDE6CDC1C110E1E8107B9797716E4,1,0,0,0,0
9D4E561E5236E73541CAA727787D0B60,0,0,0,0,0
4535D4DF61A0C4A9CF3DD2216F0CB431,1,0,0,0,0
A79E54B9B39EB12C8AC94F72C1A9A32C,0,0,0,0,0
822A503BC0AD439E83AB7846DB71C111,0,0,0,0,0
09C6E95EED38A135152AA12E1E6E5479,0,0,0,0,0
454468E4A56CFB9DDB922FDAE5EBA3BB,0,0,0,0,0
A5EC0898E86FA8BC485AC3F06773A16A,0,0,0,0,0
C75786229EFA9075E44A6F5B7B86E505,0,0,0,0,0
BEFF5742D63E951FE656607B34C0401C,0,0,0,0,0
5739B0C891A2512CA491BB9453B3CF74,0,0,0,0,0
015F4BAC89DFC7BE684D19BA8AF293B7,0,0,0,0,0
8ACA23C4650816A6308ECB2C8AC554F6,0,0,0,0,0
B32C2F5FC07721149831D1E147289615,0,0,0,0,0
42481E425D9DC4DE649991D9B933E927,0,0,0,0,0
063EB149043744D4404A30AE8AF3F89D,1,0,0,0,0
334916BA46488A14ACD7222FB312F650,0,0,0,0,0
5FD40356724CE6C3B688629EA7BD8A8F,0,0,0,0,0
912D9311F1E75F4963D0A462FDF35994,0,0,0,0,0
4C00FF2DBA97CE8A54FCA1A837C431F4,0,0,0,0,0
E47CF2D8991B3950D0630A0D450F0129,0,0,0,0,0
DB4CC9A40B7D79D3E1FF502FD133A79E,0,0,0,0,0
59EB8B3C6F3E16ACDED4BD5635EBDA07,0,0,0,0,0
D7E2FCCD7FB4B160D905EB673AF058BF,0,0,0,0,0
FC8E667AE166C9866C1B1914361641D0,0,0,0,0,0
58E484D6B4579403948CCF2459312EE9,0,0,0,0,0
EB21E51FDC6ED79FD30D06D82D6E955E,1,0,0,0,0
1D84ED6D0DFF96C1949D5CBB0E91F710,0,0,0,0,0
2A9EF01700515484DAD0AE712A380374,0,0,0,0,0
CE27C83922A2C85D9D64CCB50F840906,0,0,0,0,0
23A51BFBAF9CB03CD275AF4F240CCCD3,0,0,0,0,0
D45A5B944445FE08B4827808C69A8C3F,0,0,0,0,0
7F9A8292AC681388AE8CD95323575ECA,0,0,0,0,0
D67E56E10A0D52CDE009CB2BCA04C19F,0,0,0,0,0
E75BE9A7F7F7A3611B50F1132B566173,0,0,0,0,0
5C71C3ED11B0F500F2359E7C0F1FA1C1,1,0,0,0,0
FABD1514F34938D6F92A9EF58D47C409,1,0,0,0,0
1A907FA3474F9D9EE05EFEF357589DEC,0,0,0,0,0
C72BDCCE852D7CF088CB92F5AF9C73BC,0,0,0,0,0
C59974AB1A1B66640C73DCE937168DAB,0,0,0,0,0
1D705A1BB49CABD45822A2C6B095938C,0,0,0,0,0
5882702F42BFEBF2C5617EF4AAB45381,0,0,0,0,0
620E76754A35CC591F9649FFB860E286,0,0,0,0,0
1708BD20C3CB14643C459A7990D434BB,0,0,0,0,0
D02D4D9BF3B647C78DEB98BD83F7F675,1,0,0,0,0
9D52C2DF61499C1BFA1C820C55769C59,0,0,0,0,0
2BE494B22BAF350F8F1A5E757929CDE8,0,0,0,0,0
B128C9BE526200B3DDE582AFB26361E8,0,0,0,0,0
AE8F009A6D10BEA31DBD46C7F60A0279,0,0,0,0,0
FAC8D1D05F1598E6D50DE8B66F4BFF57,0,0,0,0,0
FA31AE31278C2F385E2EA0CC345A8B88,0,0,0,0,0
26EAF967C54453420E4C445EE7DA4695,0,0,0,0,0
A346189FD4AA50B95E4B72ECDB37B24B,1,0,0,0,0
83D57CCFB1AA3A8A497149F83071E9CB,0,0,0,0,0
E247AEFCF9EFE4E547D88787E6C6D515,0,0,0,0,0
1EDF13B0A600AE103A4EABC2EC4E8016,1,0,0,0,0
D565504A769B02DDE2772012E130D06C,0,0,0,0,0
E1E369ABDC30F1F2A834870E2309623D,0,0,0,0,0
9778B366DE468F3B921E5DC6AD68F433,0,0,0,0,0
C0DA592F90C11F697CD0703718EB1DC0,0,0,0,0,0
9C77D6C1CA6D748710F9F77CF4858E5F,0,0,0,0,0
4C6AD95ED16B0718891381A542257D74,1,0,0,0,0
F1A47802BF0DC6D68AAB3960F7456895,0,0,0,0,0
1FFCA1AF823B84E4F89FB5E6622AB154,0,0,0,0,0
F96EEDD0AAB2A309ADB580D15D6DAC64,0,0,0,0,0
AB7D6E421B0F68421A31AFA3C8AF9331,0,0,0,0,0
A0A399DE0D59698E41BE2E4C6AAE3DE7,0,0,0,0,0
456217B18AD88B03C382C322521C50E4,0,0,0,0,0
A8784DFB2CEC9EF07112391FC5225309,0,0,0,0,0
2E8B9769E8260FBF2D2E4BB6D2B57A40,0,0,0,0,0
C24CA5FB1A61130587C14FF6F3C202B0,1,0,0,0,0
6BC68FB1E4432327ED857AD21A9B853E,0,0,0,0,0
ABE11F950B812649565B419F694821C4,0,0,0,0,0
EB1FFE3148845ED486A47F598BE2C3FE,0,0,0,0,0
997642E6C45856C0701F19C4810FFBD9,1,0,0,0,0
163BB68CC17DD7A422BC16179D6A9FCF,0,0,0,0,0
8E78360BFA64F5947A3C397461AEEC65,0,0,0,0,0
A14946967CFDE7A04AB1E6A0D730021C,0,0,0,0,0
C6DF33C3084C4B0DB2867F3A3F7B756D,0,0,0,0,0
604C9FF59D69C5772897C2B11E908854,0,0,0,0,0
D43CB0468D0390AAAFB6EBF13C078A00,0,0,0,0,0
2B3F00D6C6FFDAAAE96E53F935FE1F78,0,0,0,0,0
886FE78CB050DDC7CD307378FC81A08B,0,0,0,0,0
C26C2836A1D2985A041645942428229E,0,0,0,0,0
50268E12EF8A131A3B2298070C4A4639,0,0,0,0,0
A9D663C674B1E70BE16C2BD1DB48E85E,0,0,0,0,0
D9A7010DABCCCB59FF0416D2636FACD6,0,0,0,0,0
022B0FF14F341954155628CF8DB17FAC,0,0,0,0,0
880465D1C7329104A4059D67DD814075,1,0,0,0,0
19200579E79D09DB2D0D8055DED2297A,0,0,0,0,0
B4B1674206C2E7E792CD381A9A8B9EE3,0,0,0,0,0
1F822E5B3D0D8FAED6AF2EBDC340AE2F,0,0,0,0,0
F33708ECA0DE9F44A9F49305AF9433A1,0,0,0,0,0
745D1A988FF0C37B5349B905306048BB,0,0,0,0,0
54233B2756FAF682F729B6D688CBAAD2,0,0,0,0,0
6379313687A10DFB58584A59C6C777BC,0,0,0,0,0
AD20461DE724FABEE801B57DFD0D9677,0,0,0,0,0
60F3132B1B29F39F43BF617D56A78B97,0,0,0,0,0
30C9C91E2827C073634F6A1394CA1DD3,0,0,0,0,0
DFF4149CE2DCB9065C4121458A47842C,0,0,0,0,0
163E741BEAA160914A7D2C02058A1F08,0,0,0,0,0
DA3F0EDAFD78F55A1EE4B121C5E90F77,1,0,0,0,0
DCF9AB6339D10EC056493652D3CF6736,0,0,0,0,0
3A6728097053B96BF25FB1328F68E9A4,1,0,0,0,0
A251C9845FFDE11B0F7504BED99196B5,0,0,0,0,0
43A71280BE4BDE116B2A80DF38297571,0,0,0,0,0
50F6BBA3B4055A63CF616C20FDA35B34,0,0,0,0,0
C007748CBF8E7FBBA62B69E9E71613FB,0,0,0,0,0
70A9E91E3B35DD29CCB919EC0B27D578,0,0,0,0,0
9B99D6D672744E5FEB70A39ED2FA0257,0,0,0,0,0
809FB0ACA59A749CF09A76CAEC640881,0,0,0,0,0
2D5C7B6D974786C4C683DCD92B86658A,0,0,0,0,0
B35550966A0F1F3A0CAF537F5CB5139F,0,0,0,0,0
BC6106F6CDDBB5551F7977AC560063E5,0,0,0,0,0
18F8CD9BF629D1EAEAE4146E1CA30B54,0,0,0,0,0
8E168110B473A85A41B8663E68286077,0,0,0,0,0
27C293D495851E60DF36139C56B6AE08,0,0,0,0,0
B20F97FDA4566B701DD6ADB537054275,0,0,0,0,0
F85DFE135E6ED6140B37ABE65569E4C4,1,0,0,0,0
71C3EF47A62812A1FA2D95F24845715D,0,0,0,0,0
AD8789C736C5FB6089E45CD0AF9126DB,0,0,0,0,0
7F489B9A2BDB3A42731A458E07146134,0,0,0,0,0
CEA0E47796FE65370D087B5F3F50D158,0,0,0,0,0
272FA06EA8C4220C2D8A05013DF0AD61,0,0,0,0,0
98BE5C916B47591BFD03E692715C2A16,0,0,0,0,0
82882C11BEC81BCDFB6B538A0BA8D271,0,0,0,0,0
269EC1F35FEA570D0B90F93308DF3F34,1,0,0,0,0
94FC01A9423C84F09A07CC4D3B7BA0C2,0,0,0,0,0
2B33922A4101C2B8DAAD919CB8CDB7A7,0,0,0,0,0
157FDD13186C86E99DEFA67124A477A1,0,0,0,0,0
CE05940E9EEDFF3545809B945C7A061A,0,0,0,0,0
CF9C016DE7BE57489C6EFC540F6464F9,0,0,0,0,0
BEDAAB0E32ED13C80DCAD7985ACCE35A,1,0,0,0,0
3D220A013067A959B9910A597999423E,0,0,0,0,0
B3051DF7A520D72FCEAE0D3A0C991842,0,0,0,0,0
5676A2FD134EA2823CCDE26F355B29B4,0,0,0,0,0
FC1BFA51A56D819A23C555C318AB0628,0,0,0,0,0
562EB620C9DFBFE10C146041465F4CF6,0,0,0,0,0
9C5CBB8682D8A3048937C8255D2FE952,0,0,0,0,0
5F87F11BB9B68BBC4CD75A76ED51680D,0,0,0,0,0
D88FE7DB0B60D4E629F4C7DC7D90AC44,0,0,0,0,0
8B5AA483BEEB918669F81740C18E2EAC,0,0,0,0,0
5B0F165A673C52DD1DB958DC64FE358B,1,1,0,0,0
E4356059B56A7F23B4B7D530B1D951ED,0,0,0,0,0
01792023F2317B8D8F7F43F02EE6E781,0,0,0,0,0
061AA5A92FD0CDF6A2741209CF3C06F5,0,0,0,0,0
A256B8D0CD5D0CE70D43B6B4C929DA6A,0,0,0,0,0
C9AF243970BA4233A5646492425BEEAD,0,0,0,0,0
80092F28B8C04CC24C3206EC1FF960ED,0,0,0,0,0
19E444C013B03598BF9C5CF6A5BAFA7D,0,0,0,0,0
D5DEB35091B20A0CB949CAF1EFED2FAB,0,0,0,0,0
5A5F13EF90207FA4CC041A22C187F2EE,0,0,0,0,0
3159DCF97CEC8BF10EEC4EDBAD61B820,0,0,0,0,0
2F331E0D946D685BC4CAE1363ECAC00A,0,0,0,0,0
5BA16C2E9A02D7460ADD29ABADE679B4,0,0,0,0,0
499665A84F0A7DFD4AC851564071DC49,1,0,0,0,0
7A47386F921422B8875F45818BDBD7CE,0,0,0,0,0
6414FCE10E36FA495C2B25B3FD647604,0,0,0,0,0
1083E8A51175AD6DCC0F72D6766DA970,0,0,0,0,0
AE8FE82F7EA5B3ADBED353FFEFA9CAF4,0,0,0,0,0
AF383F6D131CB3981162C08DAC25BC97,0,0,0,0,0
BBE67E97C4D4B5CF771AF99C98AE60AD,0,0,0,0,0
8C07FFF4D130682C80D30A784E17379E,1,0,0,0,0
C2C1CC1C455031F58A200843B02A8330,0,0,0,0,0
7B2E23BBCD4BDD3DFA9F5BB0B0318CC1,0,0,0,0,0
4FE8702212FEA4E1282A70F42094467E,0,0,0,0,0
CC00B02093040F07EA2596AED4E753BB,0,0,0,0,0
E29382F740345CEEE50B9E7A123887D4,1,0,0,0,0
E55B6EB80CED03BE5489ED7CBC2792F3,0,0,0,0,0
40597EC4348032D31EAAC94677020AFD,0,0,0,0,0
476714DC9FCD0F807838DD6EB74145C5,0,0,0,0,0
5F69976D8E56E541C4E8357F9B304BCD,0,0,0,0,0
F81A31330C22DDD4EF782DD38B3587C0,0,0,0,0,0
D9291D4F84016C55984B95877E699A09,0,0,0,0,0
6FDC7285985DC9A0F8A5EEA62AF718A2,1,0,0,0,0
0AE90EE8AB70594929AC35451867BB5C,0,0,0,0,0
52EB446EBCDF4DFA79B89E74398582FB,0,0,0,0,0
43F45E5E63D77F0335A13B996E16248F,0,0,0,0,0
EEF70CC92F97F5023495A296CE40741F,0,0,0,0,0
56F9C0D16B4488D152811160EC8271E9,0,0,0,0,0
D6FBB504E7CA29D08D881E7DB8613D0D,0,0,0,0,0
34396791E093715AC52F44DBA8BD6625,0,0,0,0,0
DCAAEFB91B4DCE54277C95FBC522B7C0,1,0,0,0,0
0BB0AAEF8F9E43C580E26DCC8E72C28F,0,0,0,0,0
2FF95C5C2D21F55A5AD6896F380AE355,0,0,0,0,0
CCEA02568F84D2A80DB0BABD35E8F82B,0,0,0,0,0
136586399F6F07FC2672CD13C207A46F,1,0,0,0,0
E3523F51559AC41FEAEC3C0FABDADDFE,0,0,0,0,0
E7EAEB35575558D77650CE145398362D,0,0,0,0,0
0F6CFCE16E0F0A0F800ED8903EEC1D92,0,0,0,0,0
2F941E834FFFAC0023F8C76FBB6F26C2,0,1,0,0,0
6A7C74DE5202D10B8AE09549B0D002F8,0,0,0,0,0
C8805780855EF6D00BEB9C207A1FB7FA,0,0,0,0,0
0689D723D50FBF9A8B835FFCD73395F3,0,0,0,0,0
925106390F0D2D9FF340DA580381FD67,0,0,0,0,0
A8CF6BF8FFA50729C164B183CE7BBDEF,1,0,0,0,0
8F3C9E3332483AC68CF292364CF4E433,0,0,0,0,0
14CE44191D6EFA394AF477520D318EBD,0,0,0,0,0
7A6C3096705AB3F8D07923F3A13A24A0,0,0,0,0,0
84D999D0938F75657B448C7202A58915,0,0,0,0,0
62BE4BF73B954060C2B82FAFD924935F,0,0,0,0,0
2F682DC94DE446F484BEAD1F9CFFF663,1,0,0,0,0
425B5690BF32622D15545B3DE006D954,0,0,0,0,0
46FD96A3568B53229CF80CD6F09E73E9,0,0,0,0,0
C1DA12527F21833224D966B8FE839503,0,0,0,0,0
455480265F139CAB6F18DA51B0F08434,0,0,0,0,0
26007B59E8196E793D0CE1098EDDF1A8,0,0,0,0,0
BB70584A014647C504338CF5AC10A861,0,0,0,0,0
0E952A5935B43A2080AF44A6C72E155A,1,0,0,0,0
00B6A61D2BF6813BA232773C25AA5F19,1,0,0,0,0
A9D3B0C197EDB918B547154F78E50C69,0,0,0,0,0
489ED47258F4640453547B6535E14785,0,0,0,0,0
350D931C7503534FF1A03BC5AA69A318,0,0,0,0,0
FD258FBF1CA1E6BAAF924DF91A68E887,0,0,0,0,0
A2FF2354765D9FB60C216B4E6F1B8C4E,0,0,0,0,0
9117A5A0E693F76643BF698EBE5FC323,0,0,0,0,0
9002F674688F01B27224E4E651839310,0,0,0,0,0
450407C16B3F411B079FDA412D04AE83,0,0,0,0,0
72BB4F1C33D10292BBB0D7D39BE66625,0,0,0,0,0
9996BA1BEE88BC9BCE82048F7E69377C,0,0,0,0,0
121B0F551F822AF430BA19D251753F46,0,0,0,0,0
837B0A883ADEE8E3EDE774567A931D1E,0,0,0,0,0
DB4E0914097C777C7CBE9CD42628FEC9,0,0,0,0,0
C2A9C8324509723C5AFADBBF20201D59,1,1,0,0,0
10FD77663DDCC7310448D47E4C60B967,1,0,0,0,0
0FF768D987DCF689577B94B9874A2E26,0,0,0,0,0
03523BA1906AF3445E093C1A293A4DB3,0,0,0,0,0
A57BAABF4B913345183F55229C16B65F,0,0,0,0,0
829793C7299D4A30C2ADCD2ACAFF4082,0,0,0,0,0
8DDB35603032DE366DF7CF8996157BF3,0,0,0,0,0
5A3E8BFEF35C9B804BAA3594DCC5F36B,0,0,0,0,0
699EF7D8CB7D1D00972FD9D3A07FC2B4,0,0,0,0,0
68A942F7C6FA2B808E8DE99339920434,0,0,0,0,0
3E6B856B75A561895FC398F55431E66D,1,0,0,0,0
A13E84C11FD7213160CFE72526936EE8,0,0,0,0,0
C175B53C5696B43EC34AFCC88101EEE3,0,0,0,0,0
2F3130626C56DBF6A7E8D1EC76F66CE6,0,0,0,0,0
A75229852E77ECD551F289DF57E1E072,0,0,0,0,0
8EDFC657E9942E715AA10586103C0D8E,0,0,0,0,0
18BDFAFCD4FB27C34EAE9CD2CF4A0BEF,0,0,0,0,0
06F159C5B70877B0F40048300B91A46D,0,0,0,0,0
54FA552BB7E22A87D4BEB8A5D582D6F8,0,0,0,0,0
9D505157CDF2202030E8DAE3B8404906,0,0,0,0,0
93F707D12E668FA482220B872ADD9899,0,0,0,0,0
9F7D3B8CA181C9E8A7BC4F73F0D684A9,0,0,0,0,0
436382F1DB8B86BABF6A64B03BC1DD6B,0,0,0,0,0
970BFB3E7DFC71BB50C57664EA386632,0,0,0,0,0
7E3EA9A4D3064FC02D1CAE6052E67853,0,0,0,0,0
CE0D626B140130C9DACC01ABA86F563E,0,0,0,0,0
FFE728A68CC2579DB6C1332BC04E4FDB,0,0,0,0,0
6029ADA23F9471D71EB8CBD1150FE89C,0,0,0,0,0
43381E13CBC185AEBB56F07BF5052625,0,0,0,0,0
A2BC8CDE298A35677FB8001015D3BF36,0,0,0,0,0
1CED9D96617A03BFDEE758F79B16A9B8,0,0,0,0,0
5D52438F61FE8D4430B03C24C6CB3B69,0,0,0,0,0
806E51B2398E2B6A08C3FDBA25E4CB11,0,0,0,0,0
CCA56A7FAB5F4DF4D9EFEAF96511F21B,0,0,0,0,0
2E792C08FC3A364F116BB8E7D1B24DFB,0,0,0,0,0
F29293FBFC29F48BC605A674846520CD,0,0,0,0,0
A64D91807D470FE3923213BF853AA78E,0,0,0,0,0
A1042922F5C1709D10BA45AC7454BCC2,0,0,0,0,0
60E8590A998E2C520556D3B07928ACA8,1,0,0,0,0
A3B2E0B9BEB8D182A4C97761E672BAF7,0,0,0,0,0
D27B775D2B0C1738C408DD95012855E2,0,0,0,0,0
C2CBF872389C5B2593361EFFD55FD5D7,0,0,0,0,0
9E0A347C1ED1CE51A5CC843342A00824,0,0,0,0,0
B8DE712C153CF96351E8D255C911A0C4,0,0,0,0,0
94CD7B99D67B9B9322DD8186A6696710,0,0,0,0,0
D559FD83B7FB1D0851DAA4D513A42103,0,0,0,0,0
C41529E80CF9AE0B9225ACB5B667E673,0,0,0,0,0
C5B3374C0D131E5BCE61780E0AD0027E,0,0,0,0,0
C7B801CB54C7FEFE4A0AFCFC00A0ABFE,0,0,0,0,0
3FB099A4E951F1000311FF4B8094F9A5,1,0,0,0,0
9F7FD6F7E3139BE62FFCC0B7CA362CA7,0,0,0,0,0
963C2FF4C84CF4B3B8A89F7A440E4621,0,0,0,0,0
68525495995556E0913E9F3EF47113B6,0,0,0,0,0
7490C883E4679A062F499F81F798D6FD,0,0,0,0,0
045A868115BAFE7F7B7929B14CFC3B9D,0,0,0,0,0
BCCEFC1F94432AF32558867BC3F5EDEA,0,0,0,0,0
A5DF33902F2B0E1763CC12296EC12B6D,1,0,0,0,0
EAF0AD1454BBD486A417E11B41A7C12A,0,0,0,0,0
8DC5F37821AD98DC40D24F419C1CBB88,0,0,0,0,0
5EAFED48C3F23A7DAFFCE9B733758CC0,0,0,0,0,0
C3C1E36E3456449DEAF91AEC08D32ACF,1,0,0,0,0
96863D97D408343DE6D12AF8977D93A6,0,0,0,0,0
4429064427E15CAF97E8AD10F2D901CC,0,0,0,0,0
AB25E46475EB43872A244170E1ED1837,0,0,0,0,0
3FC409F877F7125284CADF9239793B2C,0,0,0,0,0
FDE1D235F0BFF3F228D1037E99E3B0D2,0,0,0,0,0
B35C597FF1BDAA0BB67027CCCC34172F,0,0,0,0,0
225C241B1732CDC582954A3ED1C639CE,0,0,0,0,0
0497341AFD957427AF56D8066648769F,0,0,0,0,0
E05C031626636B34636F9CFBB3AF33FD,0,0,0,0,0
9B0E01DF4418BA6D9ED22B981FB1BD55,0,0,0,0,0
9ABD3C7D56FD38BCF3976B9E65EAB7D4,0,0,0,0,0
68E143DFE4CE231E609C9BB59CEB9D2B,0,0,0,0,0
CEB4E45B67DAE34E7DF0C3AC4D549AC2,0,0,0,0,0
1FA9C27D9BE77C43A919891A6DCB40D0,0,0,0,0,0
F73A3D2408D44633E4641CF18F9B659A,0,0,0,0,0
DC1C5AB00B3D3D0BD25980C8D0943E42,0,0,0,0,0
2F3D322AB6A37C973B6D7BB09CEADB94,0,0,0,0,0
9C18003D1C36011B98F0B671A218A041,0,0,0,0,0
208E330BE6A4B1EC2C5672FE8F563FF7,1,0,0,0,0
443887DA4138BC759D88AE6427A57C3E,0,0,0,0,0
F66ADCDD6C91C9D95B4514B058FF6DDA,0,0,0,0,0
F02A99F292FDB87502ADEA2DA3DEF450,0,0,0,0,0
2B9CE5A915C9C6C8666EB6CA4D68B687,0,0,0,0,0
17EA6ABA5712391B2146021873860E50,0,0,0,0,0
5015E6590DC4468A0EFCE987274CDD38,0,0,0,0,0
67000F7063A4D71F55C99B1D73A963E5,0,0,0,0,0
5A5C4B9A95E46D3949D621C2628F1697,0,0,0,0,0
1FC98998212319AD0CC5790CB05E2663,0,0,0,0,0
BCECC60005A69B3C9311396E2C77EC8A,0,0,0,0,0
E5C5E276AF75CF319447FC2D284F83C7,0,0,0,0,0
A1E065C82A397DA7D13FCDA023FADB07,0,0,0,0,0
FA8758F99B6F9EF50CC16BD5FF20965F,0,0,0,0,0
DE3C34CFE6C1DE3B7051F74DCA5F0441,0,0,0,0,0
AD652A0C2A82FB523594701A65464696,0,0,0,0,0
1281C9C61BA7581DA3C40C967303E90C,0,0,0,0,0
8479601D2FF229566298F65DFDFBB81C,0,0,0,0,0
D7592FF7428FE9053113D5F2B5D1763D,0,0,0,0,0
4FDDC7F1F9B4B2668247EF293066DD24,0,0,0,0,0
0EB6B31721C84C6CA555DCEBB8F956EB,0,0,0,0,0
CB49B7E9D9611FF174A1EED621982B8F,0,0,0,0,0
8AC9C3DEB9A1BE25F89A6B2C51AE3C30,1,0,0,0,0
49D0530E035FE305A483C4F1CF878ECB,1,0,0,0,0
8C037016C61A54E41108D16A20683B99,0,0,0,0,0
DD9B1F7EBFE3155AA5CE83BE8037B4DA,0,0,0,0,0
3C1A0FDB9297543DD58FE47C041B2517,0,0,0,0,0
1FCC4867E0BBF1D4C090F9BF0F8B9680,0,0,0,0,0
B4EF1FB40EB795DC7CFD0878A605BCF4,0,0,0,0,0
077C44F601242ED6773BAF45C293DC58,0,0,0,0,0
7E981FCE37E6D0F4326615E30F7C4F22,0,0,0,0,0
E9B5E9E7E4ADE2755DF8BFBF21DE5606,0,0,0,0,0
34BEDFD52FDE9A8211CFD2F576BF54CF,0,0,0,0,0
F6678A5778BA5FAB1C0D5DA67775CE6E,0,0,0,0,0
FEC3E3F7EAB4A99E0A31FF195289A3A7,1,0,0,0,0
B4591C58AF1F17A7A1ECB110C485157A,0,0,0,0,0
6865AC70B0CBE068CDF5FC8E8621117D,0,0,0,0,0
2D74D7835BD4B34E489C0CDA76430AAB,0,0,0,0,0
74C93A1911C823CE661BDE5375C8F6F6,0,0,0,0,0
E1918AC57DAAA33403337DF2BC7F833E,0,0,0,0,0
1FE64FE5A1A36739C1854FB815991CFB,0,0,0,0,0
E833393ECE6948A10C4B80C3B96FD5D7,0,0,0,0,0
C3F8CC93592D87687D9E2B56CD65CE77,0,0,0,0,0
23E94833EF16D81F74E6F82CC9A78DB8,0,0,0,0,0
F408574DB999E5C82B185D0D5FBF6492,0,0,0,0,0
D47863F17E94BCC0DBFE3E26304D7777,0,0,0,0,0
6E908886F0AC1F7B1BF08B98AEE3738F,0,0,0,0,0
567587E63F0BD4C06B8B6747F6EA19E2,0,0,0,0,0
8BAD598C555A397AE03936F7F1B2A045,0,0,0,0,0
6F2988E0D907C76D7DAC64A8FB8B199C,0,0,0,0,0
FFD2570C0936D6F8C2C0B648E8CB5811,0,0,0,0,0
B382FDE81354E591509BB786CC35F613,0,0,0,0,0
37E226EF3520A75632E08B1107B20BC0,0,0,0,0,0
7B4D642A22D0EFDD984F62511B058088,0,0,0,0,0
87D2883CEC15940DDD23414D1D41D4DB,0,0,0,0,0
E290622258E520C82D83AF17E7C2E700,0,0,0,0,0
101EA439085E54A69EB399265D455981,0,0,0,0,0
C1F80C452F414D94ED6D0FB79C82681E,1,0,0,0,0
E7D179F700C42556D3A78316967F9463,0,0,0,0,0
C398DCC40818F1F8BBDA0652B6963CDC,0,0,0,0,0
683F5901AD2292FFC41081CD81412069,0,0,0,0,0
25C7A99539664B57EBD2BB508C285323,0,0,0,0,0
389783164EB5DA9A42FD63475BC788DB,0,0,0,0,0
1515BF2F0E3373CE63CA785C89C04384,0,0,0,0,0
11A789DF7A9D9A4106E09394D20582C6,0,0,0,0,0
AEED84005BA9FF1E855E283126C87FA9,1,0,0,0,0
DDA73F27CF1674EAA29AD6552F39A464,0,0,0,0,0
FA18164798A15CB8210C3C57EF257036,0,0,0,0,0
69A1CB11163CE533BAA16C92A26609AE,0,0,0,0,0
93DEEBE7B8D7D83B1F56ADAD504C122F,0,0,0,0,0
C4E0020B88589A7B7143EEA2DC27E0F2,0,0,0,0,0
4A0B6D769FBD86B7F392B7A6B73AA72A,0,0,0,0,0
701153621BB4C917D7E33B7F6CB23BCB,0,0,0,0,0
54A7EC5889CC717CB2C8F5C4571C37C4,0,0,0,0,0
7EEECBBAC350DBB2CB964682CE5EB710,0,0,0,0,0
D4D18D4C6C141CAF42352316455A585E,1,0,0,0,0
C346A626384AFBD0371C02809C4D4E3F,0,0,0,0,0
9612A883A761EC5BA74E0606EFA5EB1D,0,0,0,0,0
3018068B7D5DC28ED5F0A50B24F30579,0,0,0,0,0
7BA85B6FD6985AA1376F8E2BC5B3FA56,0,0,0,0,0
DF631C25FB81671095372A55B7A08EAC,0,0,0,0,0
C1686A3A230E98B5E54355C3AED1720C,0,0,0,0,0
B9C43F8C003C3042B29B0B04F70E0960,0,0,0,0,0
2C7E1B84D9956817A11E6DAD7DABDB58,0,0,0,0,0
81FEA33D38BDD367E7E79AE7AD47E4ED,0,0,0,0,0
4AE0B5034B53DCB4CA4CC9522FA6DECD,0,0,0,0,0
1E971A11C01E154A152242B6E87F5B9A,0,0,0,0,0
54097940F49924A1DB14AF2C813DD4BB,0,0,0,0,0
E517E4E6DA4FCBFAF13D85A2A473FB71,1,0,0,0,0
5510252B444599DB698E1A689F12089E,0,0,0,0,0
1074076B182D4121A69D2C99AC7CD19F,0,0,0,0,0
D72B5B1CBA5F00DCB8E4FB50C9A6C888,0,0,0,0,0
3EA31C31394F8587B0FA6A7A1197272F,0,0,0,0,0
82096B7023EDE3F314B6ADE5FF3DFDFD,1,0,0,0,0
A630C10B5BDF85E76E65061D68A3C146,1,0,0,0,0
783F695D0940B96E975C10BE4C3A2380,0,0,0,0,0
01E4DC3E3FA86459E01666188FBE984C,0,0,0,0,0
A3A78947701D7F03DF540018BDC0D7CE,0,0,0,0,0
683BD191B9106818D2CFA381F0A36FFE,0,0,0,0,0
E27075060EEE412539B67E78688F3147,0,0,0,0,0
BE7D8EF3ABF5DB924CCE58741AB060E8,0,0,0,0,0
29011194033BC951CB7B6CC434B5C16F,0,0,0,0,0
C471464C2AED8C56F1BD1329981FF45F,0,0,0,0,0
7CBDD91DA39FAD8FBB5712047C93A363,0,0,0,0,0
E6056B9D70D0CFF992380874D4B5D295,0,0,0,0,0
2613F45BFB5E11A0FBCCED66F6F8CD51,1,1,0,0,0
1A8FAB5CEB1303497D52176F537ABD6B,0,0,0,0,0
24786DDD25A12FDEB20CEC8C863D3ACD,0,0,0,0,0
11507DF88C261D3D7BF19F0151A936FF,0,0,0,0,0
8E2E3E5749E5F65D55716D491C52FA3B,0,0,0,0,0
7FA89796E801934744EFD18AC67F91E3,0,0,0,0,0
48107BF7150E97437795DEBF65832989,0,0,0,0,0
933FEDA669A0AD16F52F39CF127A4EA5,0,0,0,0,0
D972C8C054549AFC79AB99286D88614A,0,0,0,0,0
FA4EE0B3574F1A3692B8C8FCAE6A63C6,0,0,0,0,0
5DB3607C81699A64AB1BA0DB55CC9688,0,0,0,0,0
6BF5E1C7E43C1BAA27A9E1BA4E7F574A,0,0,0,0,0
BACC969B019928973619451E7738DD16,0,0,0,0,0
9ECC3F5DB51E242943C714C7C4B63B39,0,0,0,0,0
806DE8AC690CB101675B1D371B1487C8,0,0,0,0,0
9EC76536859C1088870C5DCF258E67C8,0,0,0,0,0
ACA356899E3FCEE3B09DF55A4895BD6F,0,0,0,0,0
2AB87D6921FD551C46F0C4E8BB714D96,0,0,0,0,0
49449E2AB06A3FCA3850D93859B1AEAA,0,0,0,0,0
0D411C495CA32403FB96A8134634F8DD,0,0,0,0,0
768D049A371E74C985D1D959D148499E,0,0,0,0,0
19669FF18E51D6993014AF278CADDEE0,0,0,0,0,0
F19DFFE362F5DCF1B6B5887FFAB0CCD3,0,0,0,0,0
80105C90C58BE28F4E3AB7B19F0A1702,0,0,0,0,0
539F026E3D2D7F6D518A7BF202BEF55F,0,0,0,0,0
764B0D1957A9CE28C1190291B71024D8,0,0,0,0,0
2A92E0E5C998A70E5597CEFF1DAAF75C,1,0,0,0,0
A187811E3AC2938CEB877D83F4A67B04,0,0,0,0,0
721D4A4F36089178426FFBD2E852C708,0,0,0,0,0
3EEA788083118DC9E793A6DFC9EC0FCE,0,0,0,0,0
E58EAB3B8DC6BF9C44342C3DE837F07E,0,0,0,0,0
FE893818BE95D63EE600EB1C4D57A8E5,1,0,0,0,0
F092BCF5B94964430079F24B79C767FB,0,0,0,0,0
C0DBA4E66EE29432AA3095FC79B40F8C,0,0,0,0,0
FEB9E9EC03281297C920CAA78C344B8F,0,0,0,0,0
02505C5B3F6B91F2CFDB944DC3477E7E,0,0,0,0,0
E527E6E2274AA44E227CFF1AFD945BFD,0,0,0,0,0
697F9B3AEFAD392B1BF7E85AC8ED65A1,0,0,0,0,0
9DD859586FC4987E57241BCED21C77CE,0,0,0,0,0
AC48521C5ECE42A9CCAEF76FE036DBC6,0,0,0,0,0
6037132482B4CAC7AD576C437EF5861B,0,0,0,0,0
AB4C413A3504373E8C7D9DDA951BDE64,0,0,0,0,0
E7ABCCA812E0A8199265F47F1E47D754,0,0,0,0,0
CF1517B7DCE4C2781748E4A690C26962,0,0,0,0,0
9F8111558FFF75B704910ED8559C0AF7,0,0,0,0,0
6685B146781E607C7C7F01266420E7D6,0,0,0,0,0
E19F5E955B237756F3B76242925D045C,0,0,0,0,0
A1361C4E9A3C2E7720BD9B84F84B87F5,0,0,0,0,0
B966C4321D14F4F58FDCF7828A5F6F44,0,0,0,0,0
8BB64FAD5C3D528F9AA3B1A298F1619D,0,0,0,0,0
FC0242C010843D5C4398C50990742DFA,0,0,0,0,0
A06FCB5DFC874AB450A8FC5EA06A8894,0,0,0,0,0
F5A4FCC5087F2777C4F2A76D014B03D7,0,0,0,0,0
1151183B49E6D676F241DAB8174DE19B,0,0,0,0,0
0FD06AB6A9B8AC7BD1E240CBBD7F61B8,0,0,0,0,0
9D70A25B9E6018DCD659E84601FF4A6F,0,0,0,0,0
C791B5DAB9868B80F0D51196691FD7BB,0,0,0,0,0
1E578A8743CE8C8E545ECACD909488C7,0,0,0,0,0
58EF7769AD92EDBD1D29B3976386DDCA,0,0,0,0,0
494CF8EBD9DCFA4CD1B72141FB84CA85,1,0,0,0,0
E3778CD152DB26281642AC77E7406789,0,0,0,0,0
524166FE1EB130DC53D972DE4A175494,0,0,0,0,0
29875B51B90566038B4AF33A51162086,1,0,0,0,0
8EE75FEB1B42EACD38C7759C9183BD1A,0,0,0,0,0
BEB6A87A448A27A08AD94E9E4B1EAD07,0,0,0,0,0
EAC233E762D243AF0DEBD2E3F5BB625D,0,0,0,0,0
E4E4E0EB748BD2ECE57B26E3CB44F1F6,0,0,0,0,0
FA24B6979CC5C8B58CC57ECF90F750CD,0,0,0,0,0
30B00DBDC1F031F3D658A1FC7E976198,0,0,0,0,0
0F3DDC07AEBD2E20DFDDF3D7395746FD,0,0,0,0,0
02D1B63D0E0AC9341688EADE1E591A94,0,0,0,0,0
5CDD25905A7F4739ED453358A2664763,0,0,0,0,0
C57C6E8985D977D438365B61507D592B,0,0,0,0,0
C2C64D33AEFCF3EA54CC481584911164,0,0,0,0,0
038B1B4F8F248E27B98460844B094A00,0,0,0,0,0
E056B7DBB1E8BEA8628ACC174939167C,0,0,0,0,0
3D8D2151C93F527CA495DFC07238D231,0,0,0,0,0
26CD8C39440144A3BAC901A334F6D98B,0,0,0,0,0
3B0E428331FEFA6EE046AAEE5E3B69FD,0,0,0,0,0
5A48C271FCB70126BA6714E02B8594ED,0,0,0,0,0
05120A0590CA4566652D04583336FD4C,0,0,0,0,0
86F1E5F8EAD8C073F82BF0661FC387A3,0,0,0,0,0
CD04B85022C57081AC156313A247B17C,0,0,0,0,0
85572E572BCC382EBB2F7B27C4CB5A57,0,0,0,0,0
68E0FAEE230D6C86F86A658FE62EDDD4,0,0,0,0,0
D20DFED44D9FA7340EAE6CF052304A23,0,0,0,0,0
A0754A1F38BA58F3E624CC23BE095D00,0,0,0,0,0
45B027EF6DD7DFFCAA2339DBA94BCD2A,0,0,0,0,0
B4F7C5AC3AD58A3703BB2E376CE146BC,0,0,0,0,0
99109CF7D42DA98E623265C0EE0CA18F,0,0,0,0,0
00EA23E01439FAC01F93268EF85CF5CE,0,0,0,0,0
25B1457719AC4B5BCFDD17002B895E6A,0,0,0,0,0
A1F16612288884ED25767350008A76DD,0,0,0,0,0
3F26F9CC8D0CD8194B21F4BFFED13BEF,0,0,0,0,0
156049768270627C6C283332BA946D00,0,0,0,0,0
D1D4191DB96F490CCEB9BA80BF1E3D81,1,0,0,0,0
DDF992A82CC2FE443DA06D110C9E1A31,0,0,0,0,0
294B4FA31178B9BC322A93632DA18FDE,0,0,0,0,0
BD237D4594840126315D59DC703B6E6D,0,0,0,0,0
1AAF0CC464D1CBC77ED468D5AE1F7EE0,0,0,0,0,0
FB27F0E462A61BACA22D288D05418471,0,0,0,0,0
BEBD44CA9BE1EC4D4C6B1EDAC6552790,0,0,0,0,0
56632CA4E371C21CE8641E769DAD4381,1,0,0,0,0
969074BFAC9B31B6AE42EAE74AC44E82,0,0,0,0,0
0C72D35CD3E76A966E65946FB1FA912D,0,0,0,0,0
0A376A2333A3995AB09502ED29DE92D1,0,0,0,0,0
D4A56B0AC2F4B13DD98739DB3F1EAA4F,1,0,0,0,0
BD4F3B024AA1E480D049BF16A46ECF16,0,0,0,0,0
E004D06FF5A8F481244A06CF4184B96F,0,0,0,0,0
BFCA0E7032723D93C639939F3C59E4C9,0,0,0,0,0
761F2C612079C0C0F4EFFBB447456F30,1,0,0,0,0
DD327E82EBC031837DA08A885BC5029B,1,0,0,0,0
B4F6C2F2AC61EF4EAFB3D253FBADD894,0,0,0,0,0
1B6A73884650C517B0BB1AA00900ED04,0,0,0,0,0
072F48F601726CBB1EA568F4A794885C,0,0,0,0,0
28AAD30CAC051E4037B4C25AA228D854,0,0,0,0,0
D734B70C908E0826502BC4A68C1617FB,0,0,0,0,0
0662FCEC5DB833F122F934C8B579DB25,0,0,0,0,0
5BAF110B4B1DD3684E886AC6858F0FAC,0,0,0,0,0
F7C332BFB77F2CD5C6BB5B283B25E928,0,0,0,0,0
84E7C548C370308173EABF23FFCE298D,0,0,0,0,0
C6584E0CA506AED01BBA1517A128AEB4,0,0,0,0,0
701B3B8A29A7D1E9FE036BC3A582EE19,0,0,0,0,0
B74B82EACA42F18DDD4C0E47EA1ABE34,0,0,0,0,0
B1BFB3DF077C981E190030B337D2D880,0,0,0,0,0
AEDE5AAFB2797CC93CDACC86768D308F,0,0,0,0,0
A2C2F1E8D31B32E62A353D2892F8BF4E,0,0,0,0,0
308E6EA5C405F1FF64F53FBB5C632947,0,0,0,0,0
4F3036769C6AB15DE800C61C9C8DC2B6,1,0,0,0,0
D897BB3A69FDD25CD533036FA160A192,0,0,0,0,0
DABF08387D5B3E7FD81C86E0571C6650,0,0,0,0,0
38EC56A4D8C94860AC1A1C65F0F48394,0,0,0,0,0
DB45375D403A1D540DCEBA263774AB2D,0,0,0,0,0
07535F682A329B991DADD7E3B63F3135,0,0,0,0,0
928EA273B8C66E999BB53B5E3E5A85C0,0,0,0,0,0
671A72AAA1C88D51146E94C6D01AEC6C,0,1,0,0,0
FCB37D0D61992D1C1616452FD00D9A64,0,0,0,0,0
45C52523FC4C8379CECEA70E9B695DAB,0,0,0,0,0
655F130A3029692056D48BE07A809792,0,0,0,0,0
9E2359EC9753E8D9FE798EC08254147E,0,0,0,0,0
E7A9BBA37059B2C0310FF64635EEF01F,0,0,0,0,0
AAFDF67468AB12B9D38DD32862A59442,0,1,0,0,0
FF02A98DD2DAE5C83D46F2F39ABC3AE4,0,0,0,0,0
B862A0CA0B3D1DE7D78E4E720DA24F67,0,0,0,0,0
3F29B21061B470D587DAA8182DDA811B,0,0,0,0,0
8F2F7B06328557A5D164B0BBB435F97D,1,0,0,0,0
B78E547FCF4E6D27D01643F8B4BA0FC8,0,0,0,0,0
59C71DD8CDC686DD9A8F114800F148DF,0,0,0,0,0
BCB7932AB7C63CC053C57BB988186FE6,0,0,0,0,0
A605E772A5BE67CDCDB0DB3BA870EE78,1,1,0,0,0
619646D5802AD6F76ED0479894C0F5E8,0,0,0,0,0
0B2258F329B1E309A1861C998684F910,0,0,0,0,0
7E701523E09310E045A154FE4F4E4C0D,0,0,0,0,0
8D6CA7879EB0DEEEBDD530AB70764B56,0,0,0,0,0
2DD8416324D2575EF52598F3CCE552FD,0,0,0,0,0
A4758D45BFE0CFF45CBFDF8ECBCC17DB,0,0,0,0,0
2EE0A27085C389C230C72A4B668F4EE1,0,0,0,0,0
AEF97C4715EC3CD0450F8DF5257D7D7A,0,0,0,0,0
1723904E5DEC1C6C218C9CA3920F7FAE,0,0,0,0,0
A0DD79DA6BA9E8FA1F8D67B2CD3B65AB,0,0,0,0,0
E142E1733052428A17B3B9D04CAC7246,0,0,0,0,0
C68C9175BBBE0D6E0FACC5053725E8BB,0,0,0,0,0
94FE476178E423F88DC5EE2FED271EDD,0,0,0,0,0
6232FD260ED6123F83A9B33D76A8387B,0,0,0,0,0
6467A33A7E8EDB1B55D5C5A037ECB07F,0,0,0,0,0
484FF96DF3CAB84EB5264A5EB6ABF1E4,0,0,0,0,0
493BDD1571DC1A86508264AC3BEA7974,0,0,0,0,0
209054723616A9DDB49C68794896F17B,0,0,0,0,0
7C1FAF703CEB1CBC792BE03E6DB5A7A8,0,0,0,0,0
494E4B39C61895162DCD974A4B0F050F,0,0,0,0,0
F6ADB339416C221434ABD4A096D644A7,0,0,0,0,0
CC1F619712B28EB2C69BFF17985FE620,0,0,0,0,0
D23D7E86AA5D2E528CE3E597E229254A,0,0,0,0,0
73652AFE08C3604E70B8723602B02906,0,0,0,0,0
75411235E4DA041A6807708B3BB9F6F7,0,0,0,0,0
88AFD87ED97F5EDA8E6A9B9902868F71,0,0,0,0,0
58DFE7B05BA712569C5362789D504EE9,0,0,0,0,0
E60394989904958ACB2268DE8F3A2EC8,0,0,0,0,0
6309FC3C18BE8E7CC77D6E1204E843DE,0,0,0,0,0
7739CC8A5337531597024AAC4C3E4B14,0,0,0,0,0
B01BE6AD47C13A859094DF35CF826AE3,0,0,0,0,0
4A04214871C71EDC9B8F93B81C07365C,0,0,0,0,0
2C6539897F88648515470832091EB462,1,0,0,0,0
5E881E88E9776AD05BB128D6251AC19C,1,0,0,0,0
3EE4D19989D8161B881BA06DCA8E80E4,0,0,0,0,0
1C2A4DF23C405E0C982BCFBA771575C8,0,0,0,0,0
E8FB4ADC645911E85AB6E8A200E81681,0,0,0,0,0
46C809E5D89F33F271EEE8FF1DDB0C4F,1,0,0,0,0
EE91BEEED6859554078B4D7810EF7D8D,1,0,0,0,0
359EB8810B7820CB5D789EE8FE0D1F86,0,0,0,0,0
01308EC869CB241F3ABCCA6384FE8132,0,0,0,0,0
138A73B48B652F7806BDDE81264F4888,0,0,0,0,0
6C07E503876DBADE9250ACF328F59A0E,0,0,0,0,0
7F8E3D42A4F9C447481A9A3D9ABF16D7,0,0,0,0,0
D33741FDC08C351B7E72EE2DC285E1CF,0,0,0,0,0
F159B84516637598DA6D4B6E436A7A92,0,0,0,0,0
7BD63702398255606C333BB6E03C7916,0,0,0,0,0
1B253B99A04B58DE691E674D962A6FE8,0,0,0,0,0
D959DCE82B59C1D2C7FDCDE9917B82E7,0,0,0,0,0
F3005D2E5C4FEB601BAEC6A3C05B630C,1,0,0,0,0
447579AF355E58BFDDCC039FA547CF0D,0,0,0,0,0
B719A41120A8ADD81AC6AFD4A318B666,0,0,0,0,0
CDD1B52983364B09EDDA6A4C58E23C96,0,0,0,0,0
5F577CFAD1CAE2AC4A301D366A731B33,0,0,0,0,0
A9F536BE8EAE049956839EA539EA6E3D,0,0,0,0,0
821924A2A0321AE4D298F46294F62208,0,0,0,0,0
25776F3C7BBD6D38F0690D2C2F55C962,0,0,0,0,0
97795BB07411DFDC13F77FB51F29E3A6,0,0,0,0,0
3F6AC34437928092D456339CB4C23826,1,0,0,0,0
199F7948D7544FCFCAD88F24F61E743E,0,0,0,0,0
39E459CD8F23DAE39EBABB88C2F742F0,0,0,0,0,0
EAD4D5BA07CF9D2739B2320A277562EB,0,0,0,0,0
4C51FD52A52CAC24BB0E228F57BCDC53,0,0,0,0,0
EC11E392E032450C5F86834B52FC89B4,1,0,0,0,0
118534BC2A3A7665D1A19D9F683F59D3,0,0,0,0,0
03D40C991BB37543C8DF639F69674AFB,0,0,0,0,0
25FEA20A624979024C0920ECB612DEBB,0,0,0,0,0
C65DA1A98033598F57724C5C816DBACD,0,0,0,0,0
5E0DC8592BE140C043D9B21F659AE770,0,0,0,0,0
740CD4B7E872A26275075BE698A4D9F1,1,0,0,0,0
170A871C0855F9804F7077070F094BB7,0,0,0,0,0
C1734DBD4AD16D2988BB6E734B2C6B46,0,0,0,0,0
1C5046B1618363729AF4993FD7F0D59F,0,0,0,0,0
5E3D5B1019549977439054201BF36BE2,0,0,0,0,0
2FC05534C0E3897AC6431D8A5F1DABD3,0,0,0,0,0
F89A315AFD1E3D521C8F1C83977FBCC5,0,0,0,0,0
129CAA3409CE1DB9E804EA09E3084BC8,0,0,0,0,0
F82983F8516E9E26BC4D1AB07C19A119,0,0,0,0,0
3BC44D68967C66DCC256C4859AD61E83,0,0,0,0,0
F93F12B8A926557E48E99E5B81B49FB3,0,0,0,0,0
D9770645A160362E9651CB407FA1AEE1,0,0,0,0,0
F1A05BB3C6C64224A37480CE64F23572,0,0,0,0,0
23B6370B6ED929797010D5C1285E71B7,0,0,0,0,0
A55D9F860888AB473A63D9A46F76A811,0,0,0,0,0
7CE23C71863593814D60100565A16B43,0,0,0,0,0
185A9022B5EB768574EF0B5A47FDAC32,0,0,0,0,0
DFA9A62C580BAD7EC746552BA5D1A131,0,0,0,0,0
0A6448365E717E0A312C67953101CC77,0,0,0,0,0
B2CAA483892237D91BCD16DA199FCC07,0,0,0,0,0
98DE50C2D0C82A9DBC4717DF58EB0575,0,0,0,0,0
949C335072B9D95195E6E908D2CF455D,0,0,0,0,0
7F82EA123EA89E9C862E8FE6C1B84303,0,0,0,0,0
E052BAEAC4DC83CBBFEA0E82E7A4165E,0,0,0,0,0
D4FC3327E5FAD9B6AA73B7975834C253,0,0,0,0,0
DFC896695E3FC1DA2047C0CBBAC717C6,1,1,0,0,0
ADB2A34BDBFDBBDD8B853B6D03AABF42,0,0,0,0,0
AAFC20216EE45D4F1622217124A65606,0,0,0,0,0
A5E0C4C91C9359666EF27DFD4AD0199F,0,0,0,0,0
2B7B5CD55904718B00DBF6E694AAD8F6,0,0,0,0,0
4205BD81A160815DFFF2EC4EA72D2A77,0,0,0,0,0
970130CABEA2DD1B3C99E853331BC93F,0,0,0,0,0
FB318F0A81EE960B4316BA55771FDB0E,0,0,0,0,0
23CC9AE5DE5785D22DE62753847CF416,0,0,0,0,0
E32A293853BF871F058FAFB707D4C183,1,0,0,0,0
B57023D97DD84D05E2BBAA15748FC1D7,0,0,0,0,0
04AEE49E76353D59D6CAE748E85B2007,0,0,0,0,0
CA3234D8A3A9DB77CC2DBAD035E7A8B9,0,0,0,0,0
D549CC117288CEB42CD0E66051B2FC64,0,0,0,0,0
7AED3E4C678695A5928639D5D8110E47,0,0,0,0,0
015A05EAF60A2C523566345CFCAF77FB,0,0,0,0,0
E021F536CFD54C39B94ECE537895E1FA,0,0,0,0,0
7243FE6B5642E8C543D1F1BF970CE168,0,0,0,0,0
5A1F0B1D4C750658ADACA25C1CF41804,0,0,0,0,0
018D12E713FA4504B58FC993E571FDF7,0,0,0,0,0
D9558965D9C259BBD701D492CCEF059D,0,0,0,0,0
A444D948B3763D89C39AF24A11A48C8F,0,0,0,0,0
13E1C97C532BFC59323BB056004BD3F9,0,0,0,0,0
1C4497B8411F41F08F536D90C355D853,0,0,0,0,0
EE77B370A3602EB61B4C3372A6601D20,0,0,0,0,0
A4DB1369C947FF78EFB137462CC5633E,0,0,0,0,0
81CA94572D4BD09C4EF498DD1E113B85,0,0,0,0,0
CDD3887C7953AC170567FA9264463FC7,0,0,0,0,0
34E3868B8437FC036C980CE17F86F3AB,0,0,0,0,0
E3E1EB168E7A5B09826358F393AE2A28,0,0,0,0,0
3E4A2AED9CEE148C6B3EEF89BC6AB296,0,0,0,0,0
1C33B6B8992A0F1251D588C7EB7803D3,0,0,0,0,0
2ED6636DA141C975FBD651A29EA34775,0,0,0,0,0
F63B0F74F43FB4A53663D2F5F80F5103,0,0,0,0,0
D646895EB952B07E23E418C5A2B8092C,0,0,0,0,0
A1041D87E9975F446A0CABF2048E6A2B,0,0,0,0,0
3A5EF3D0230C29AFA01212864400EB69,0,0,0,0,0
3F2AA9B0E6222093775A31834C886531,0,0,0,0,0
277389CBF1E5AD575000869EB60FBA06,0,0,0,0,0
0DAFEFE599A42060985D1F2031BAD7BA,1,0,0,0,0
A2E1EF145EE766D9555846B9B33BF5FF,0,0,0,0,0
E34C6C12120484A643971267422848BB,0,0,0,0,0
1146F3143179A7CC8AB462B9865EBEC4,0,0,0,0,0
C8AB6AAE4D7A597B09F3E5CD2C0ADCE4,0,0,0,0,0
009E3A4E9045876FC3D293D1AED6D8F7,0,0,0,0,0
B072B610D505812B90897BE4D53CAE58,0,0,0,0,0
467F4BF9B29148B11D16027B6E6DD9EE,1,0,0,0,0
4E3E2A422CAF1FCF67AA00ED34E6E466,1,0,0,0,0
770BA4361DA6242AC097CF5BB3E4ADFD,0,0,0,0,0
89ECC27AF5B1D39CFD62353178FD07D8,0,0,0,0,0
555C689A15E302F1E4C2966FCECFC23A,0,0,0,0,0
976CCC0252CA705F5017D593D284E3DC,0,0,0,0,0
DD84CCB3EE46D5BF584EB2FFF98BC6BE,0,0,0,0,0
E411FBE847C0CC6833E97F18707F2637,0,0,0,0,0
8A5D82010B3D6750282B08599B826013,0,0,0,0,0
94E74A8360D99B090A1B9B5DABBB01DC,0,0,0,0,0
C2BA027F8C4ACC2B741B291C8CB0EB5F,0,0,0,0,0
9F55A482889831E6E8CF099DEBC72411,0,0,0,0,0
4E2BC41CAE715B2B3ACF71C1E0A17373,0,0,0,0,0
885A19DA80609B06EE55F5A61149C62D,0,0,0,0,0
A7DD61593AA0916489BFC18170048B4D,0,0,0,0,0
F42528A89880DA3E95F498A525008BA9,1,0,0,0,0
B68AD0B49F23E7172ACF5EB4EDB39988,0,0,0,0,0
B30707AAE1203E010BE4F0B68A913A32,0,0,0,0,0
98F9B98ED1605CA31EDE8CE518DF5D73,0,0,0,0,0
30770374269D7BA59E1851BB0E4B3BC5,0,0,0,0,0
1C8C5F7AB54517CAEC88393606AF6B96,0,0,0,0,0
281F2999DD61CB3B8A82D2F82582E20E,0,0,0,0,0
3D203D6B48D690BC6B489642EEB30C19,0,0,0,0,0
201F8A1EE8F9FEFC0AC0DB5F2F6D2970,0,0,0,0,0
84E8A2DED80F65BA5D6BC0140B8F2035,0,0,0,0,0
70EE91A2C36A1E6C998A848C4A3C13C7,0,0,0,0,0
E51ED370468CD68C9E872732188F118D,0,0,0,0,0
283F06D826D4BDE2F5F6345EA2889266,0,0,0,0,0
C64A5E50A555D381B973628C1479309D,0,0,0,0,0
C3978C23B5A1D9A97898647D9D407B94,0,0,0,0,0
549872291D49456F85ABBB84C6C25C89,0,0,0,0,0
E9586684FC6C0D9E0EE9FEC3E5447F63,0,0,0,0,0
2193336D812FF689AA732D68C6773B9F,0,0,0,0,0
1CF19690F9B3CFDC684EEFC3FDF1638B,0,0,0,0,0
098DBFC6A296F9785A67DFAEEC533B10,0,0,0,0,0
AD1031652D89DBA36E1DAE52AB71FE5D,0,0,0,0,0
872964F9765067AAD31310F1D248A8CE,0,0,0,0,0
CA1A3242F6ECE48A8EA32CB9A46895D2,0,0,0,0,0
F6EB550046CA373EC66BA06AAA0D041A,1,0,0,0,0
24CEC65BD740F772BE64736A9ED0CAC8,0,0,0,0,0
5609753AAAECAD4FF48EAF14430896E7,0,0,0,0,0
18660DE1C515E117CE9826C41F030BFD,0,0,0,0,0
D1924947D23C8F499716EBC232BEF942,0,0,0,0,0
3E2846BA166DCE81B29C127156364BB5,0,0,0,0,0
BFF800C9E675A0CC2C8EB06FF9E785F8,0,0,0,0,0
7442D8D45DAC482B5D5E9D3C3E96AEDE,0,0,0,0,0
51E0D41583FFC08EF2DB7C7E80D2BDBC,0,0,0,0,0
4310B5F3FBDF72EE8E51A0373C9DC898,0,0,0,0,0
A583BC0716517DD0F96C3D9843F8276D,0,0,0,0,0
C1A9E7A9C4A61FD2363414657D37BBC4,1,0,0,0,0
2CEC2B21E502077871BB8DC1B0E00325,0,0,0,0,0
6CF6B93E67A2AFFCB020B25A7994A918,0,0,0,0,0
EA0CAA195027A0A04A970663772AFBD2,0,0,0,0,0
7C9D64929D874B24A508EDF181A97DBA,1,0,0,0,0
E5869E98B635F5BB616CD340465241E0,0,0,0,0,0
AAD9764634F48EF908B9AD6DCDFAD16A,0,0,0,0,0
6236A43D004585BA9CF95462579DECFE,0,0,0,0,0
89022A6B1E12EF3705B8F65A562F3821,0,0,0,0,0
D763855907FA50B9A862199F2599C0AF,0,0,0,0,0
218144181E1295F512142B1C0EAA9F3B,0,0,0,0,0
466A92D7844B5E42AC523458F2212F64,0,0,0,0,0
6309853983E36098328A0CB45920A418,0,0,0,0,0
1EE37DB713792735C14A7AF786724E5F,0,0,0,0,0
5EF7FCF1BFA6290829F7E03BD1DC8729,0,0,0,0,0
68CA80EC5E1DF35077F8DECA7C5675DD,1,0,0,0,0
BC5D0BC5A44E3DB58F3D99898FEAC4EC,0,0,0,0,0
F322EBC61C88B32F3AB2E7627EC66DB6,0,0,0,0,0
7ED9A4B15CFB4B89DC4E32800A856B85,1,0,0,0,0
9F36DF6A8647AEDC8F33F15E1FBCE646,0,0,0,0,0
1893DA45C5D724B45FDC237348C685DA,0,0,0,0,0
0D7C327E4CE7D01411B9856E5F75D6F2,0,0,0,0,0
EF94D086D70932AA0FDA26A4B41112DA,0,0,0,0,0
F1DDF6C4E60D485896A365E9FB568060,0,0,0,0,0
84E8F4EF16BE1EF4FD7F8D67C46F1F08,0,0,0,0,0
67EEF45C25F4C7C0369F16505219305E,0,0,0,0,0
993561A54A502BC1208E5D6DB869F859,0,0,0,0,0
4AD2A8A0D23FCEE8160AD3CE34723BEE,0,0,0,0,0
51D6F90DCFA86DC116F49C856E2E5F19,0,0,0,0,0
76E8995B3E91B59856BA9FD9800551F3,0,0,0,0,0
BCC1B51F92F65B61007BFD71773D8543,0,0,0,0,0
7D99788858A74F0E1748FD938B616A23,0,0,0,0,0
35D4A8CB072A43C9FACBDCE475CA6929,0,0,0,0,0
9664D2A55E39BDDFA8194BC4E9E102B0,0,0,0,0,0
6066FC6EF587A2A250C43EB1BE732D19,0,0,0,0,0
77D0A3D0D1133BF9B4865AFDE2F8A39C,0,0,0,0,0
4C665573409052C5CCD70E1FAB961E7C,0,0,0,0,0
290736BA07F6302C1FD4381AFCA08FA4,0,0,0,0,0
E524B8E87C4836A96D41F606F515FFEA,0,0,0,0,0
257FA38D1C83F2DD56A304DDC12DF9D3,0,0,0,0,0
FF44C80314221B6F64AE2727C95F0059,0,0,0,0,0
5D1B426C6800B724E514FB3F7BB6CAD0,0,0,0,0,0
03F9D4A81B5491582327E216A2CB85B1,0,0,0,0,0
370F27B0B1E7C3F003B42864575C7E96,0,0,0,0,0
4A89FE1DC1E0E073087E28E36125538B,0,0,0,0,0
CC023A8B983FD21EA66A840B87968FFF,0,0,0,0,0
1333D09D60509B2A939995898D9667DA,0,0,0,0,0
E55CDCAAE9C1AB88048B7757EF51FA8B,0,0,0,0,0
0A162BA32D86473216CDE08061B7F080,0,0,0,0,0
C9B90C96701D0B99122DB69DE756766E,0,0,0,0,0
47CD5042D486395CB863554832850AAE,0,0,0,0,0
514FD22832C2B7E007C3FD217F40C860,0,0,0,0,0
1B5806B4C997166643DAA33D7A726326,0,0,0,0,0
B61FF3788707E74A8738DC5C885AD34E,0,0,0,0,0
DD6FD989AF73B0AD8E9D80A7882D6B2A,0,0,0,0,0
22BE40AC7F80CFAC7A081B843E451B60,0,0,0,0,0
A1B1397570A4FAC9B31C1F3315530709,0,0,0,0,0
A1262A77EED4A66DC7CD478C86182EFD,0,0,0,0,0
25795A93558FCAE2B4A891A1222C2153,0,0,0,0,0
9D18213F88C8367D9E5FEB44D5F9A436,0,0,0,0,0
2CDC2A952BD0E6E387503582409AA692,1,0,0,0,0
EDB7658DA1F0FD5E862FDAA6B4CF7900,1,0,0,0,0
790BE0DF34181D298D8BF1D79CA32C67,0,0,0,0,0
1FB68BA710B4746BE40ECB8E70CAE5F6,0,0,0,0,0
5FFA8C6D9645165540D303576DAE5564,1,0,0,0,0
A0083BA5FC63DFCF1E9627C50A6C9F68,1,0,0,0,0
497824CB87DAB4B75948A95C6C723F9F,0,0,0,0,0
DBD2C572E15710B0E40D13D423E0013A,0,0,0,0,0
35C082ADFF29C76230EE7B47DD2A645C,0,0,0,0,0
184AC548BB9C8950E40BDBDBB6D11966,0,0,0,0,0
F0EF93F7E38D216AB9D37F5C6BA61829,0,0,0,0,0
C93347C87C74456F678FF4275226D02F,0,0,0,0,0
BC4D4E3CDDEF8F34419D2D60DEAD6B46,0,0,0,0,0
9811E66A86F1B3CC3CF040997920AA9B,0,0,0,0,0
09AF7904F0692D77427C79C868E00006,0,0,0,0,0
2BB0A8E0AA3FA6DD05A90A76D531CFE8,0,0,0,0,0
E7026EAF915A49CBED032C23E050A008,0,0,0,0,0
05588AE4D7D77F0522E8C772A111A5A7,1,0,0,0,0
3524C6601CC1761D86E0594A5975E65E,0,0,0,0,0
E3B639172EA55737E0E11DC3C2F88252,0,0,0,0,0
2BC2CA29EED0DBF4010A754EE20F136A,0,0,0,0,0
93D9BD251A16C9E0C51021E6C1C75A80,0,0,0,0,0
84C81CE4784DBEBB882AEE598BDD461A,0,0,0,0,0
D3E1D45B1FFDBD732401C09772938E61,0,0,0,0,0
2A85B639AAED07734629CAEC58BC745D,0,0,0,0,0
AB525D121889C7E6830ECA2AE91104F3,0,0,0,0,0
403B0D1A4A7000902E51F196E6C826A6,0,0,0,0,0
DBF7694A1F8F03BF0E3B62D320815161,0,0,0,0,0
8A4340A477CCE963E2022A99F52986E1,0,0,0,0,0
92064430373F12C099AC2681339BD846,1,0,0,0,0
3DE5F4D8474EE5545CE608C96CC6818E,0,0,0,0,0
350FE5958EDE65632B679F6A0D835158,0,0,0,0,0
9E09B04AEEB16C89709E79F217F601A8,0,0,0,0,0
601CBC3FEE549BAE2CC8D4F44D997123,0,0,0,0,0
2F35844CA34D72C747CD2C3066CC1638,0,0,0,0,0
5014C0403218E7B76C063C2BFA1AB905,0,0,0,0,0
D69ACCD47E4472E95878D8946F8EAC76,0,0,0,0,0
248F439C534E8CB84E700EBD3F1A47C0,0,0,0,0,0
A60D8128FCA0B0AD9BAFC04AB58A1485,0,0,0,0,0
4C854923BCF11189EDB785D061EE4113,0,0,0,0,0
7DDE3D953488BD662A7CA9F57C80D28B,0,0,0,0,0
05140072EDA3CB002A3D4F4E41C9E331,0,0,0,0,0
8F35E05654BF3F16F9AFD52292AAC9F2,0,0,0,0,0
A4A31179DE4949B706F502204B618676,0,1,0,0,0
B7E1675186ACD24F8D73CD4AAA4C146F,0,0,0,0,0
88A4F99204F254E23F26C4DBA0805CD5,0,0,0,0,0
F25D0269F1B04A385B883BE7749CD5A0,0,0,0,0,0
2D20F24BAD9BA69EE68D16357BFE9F15,0,0,0,0,0
E8B8CB67B30257409FCEA93A7E06907A,0,0,0,0,0
CD71BA7014DA9FD65A5C246D21D0D5F5,0,0,0,0,0
4D83BA906F93CDD36F0551FBA57A147B,0,0,0,0,0
0AF69EF9D5613269CC5B3756E8712821,0,0,0,0,0
E581B1ED7CCBE462A9162D4703BDB17B,0,0,0,0,0
1582A707589763F9D2A93C62E68014DC,0,0,0,0,0
EB6A7B9217A1716308FD021523483D5D,0,0,0,0,0
318383480399CF6FF9950521EC7CADB9,0,0,0,0,0
D6F50E64324A7DBB28B3441D2615CFAB,0,0,0,0,0
6467932189FDA48ACC443D1406E2DC51,0,0,0,0,0
DFE702C6FF4E34C076EC3B75D7EE93AD,0,0,0,0,0
D6A8D29CDBB5A338457BB3BE47664160,0,0,0,0,0
B9F89FB260550AAB66E0F52AF3304C91,0,0,0,0,0
19BA4AEEBC9D8F727CDBAA89C2798008,0,0,0,0,0
4228B51344048C99CBA1F1A8C272BA10,0,0,0,0,0
35C519CED4D04BFB0FF29BDFC42A90C4,0,0,0,0,0
EC03D0C572085E050916AC44DCE7BCFA,0,0,0,0,0
AC574B26181AD038D9BC14640FFC963B,0,0,0,0,0
34FE545E19EC926A8619AACF43916F1F,1,0,0,0,0
60BEBC6B3F7757613C0C23F33F5BC67B,0,0,0,0,0
EC0E699F1B6A44238EDB178BA0DBB927,0,0,0,0,0
61571685C19C04ABAED64FE492D0818F,0,0,0,0,0
2286F63180DBCE1CD99DF1D4D53D2FD2,0,0,0,0,0
02D98D752479F2B521F9E9852A024097,0,0,0,0,0
F70A1F800F4A6A7FB508C80AF6B1A037,0,0,0,0,0
916D510CDF542A6B6DAF9581BDD690A6,0,0,0,0,0
EABAF65158A6932587FED6AA6E8E7E33,0,0,0,0,0
983E9A1B09D983DA48F30E6DA87F3530,0,0,0,0,0
7F4F9CA6DCCB6E30C5095E22A771B9A5,0,0,0,0,0
2E9817806D21E2FD040029BB503838CD,0,0,0,0,0
3F1B490E07E0D3F925E29B76A1F86481,0,0,0,0,0
93C2DB70108654634432820B474CEC58,0,0,0,0,0
95C43A355B575282BCF078B04D860533,0,0,0,0,0
5C49BFC24EDE91F5734E39C7133ABDF2,0,0,0,0,0
2B93627709FBDD747E28143EA4D79CF4,0,0,0,0,0
6630E9D2459B2E3F884ACE1276039218,0,0,0,0,0
7A0DB9F537F4D619B141CF98243DE9F9,0,0,0,0,0
36C4CFCCD262D63A9893DF21DCA81FD2,0,0,0,0,0
A63E120D639048DD82563356187821A2,0,0,0,0,0
7B5AB13955C8E2FDA7AEB6D3B6DECF5B,0,0,0,0,0
7E47E784CA5B65F4D723ABDF02D110DD,1,0,0,0,0
40633C2609A3AD5BA6E120ACF4E31D7E,1,0,0,0,0
714367666DB2D87A2165BCA7B929A692,0,0,0,0,0
20F368441792AB28DCA9D1030942760E,0,0,0,0,0
BFCC72D16E29493528E0B3AF7F0B8F45,0,0,0,0,0
5243EC68C2C3CFC39EB9227779A7470B,0,0,0,0,0
E739130591BB2D3E26FBFB8CF736BF09,0,0,0,0,0
E123058C60199C20BBD6B87D543D0D48,0,0,0,0,0
447B28FFCCB16A2CB23829DADD1D431B,0,0,0,0,0
14FF4EBE44E2BE1B1358A5B6A25E35B1,1,0,0,0,0
BB9D9962C0894C16B63595198C466D5D,0,0,0,0,0
CFC40F89C9473D225195341971F4CC6B,0,0,0,0,0
440A2C6ACE3E157C5B8988E0124F8584,0,0,0,0,0
63B5940F70AE1B6F4A298B2BCF61F8CC,0,0,0,0,0
E2408070CBB9029C03EEAF09F9A068C4,0,0,0,0,0
A17ADDF1BCC00281425134C826E33B0B,0,0,0,0,0
7434CA1442D8D90903C5B0ED5529E657,0,0,0,0,0
75E2B0690DADB05C43DEF3E2F48F3C56,1,0,0,0,0
BF1BDDBBDD70EA83ECCB8DA8B4DA7CE2,0,0,0,0,0
EE49D040368C4520144FF85B7F629D4B,0,0,0,0,0
9F5A14C332004C35FD3ECDCA8F12C3B2,0,0,0,0,0
DEB32693ACF4E4E7F0DCA0838957D82A,1,0,0,0,0
00FB46EA8588730431C6C1F6E5664B2B,0,0,0,0,0
C9EAA56773A2F718B8411B63B85058BB,0,0,0,0,0
A4A44FDA9712887D7AFD0681443E83A8,0,0,0,0,0
A883A30EE0F2611CA3B6CE22E665ECAE,0,0,0,0,0
4EB8D67B9AE18F47F613699A002F5C7A,0,0,0,0,0
CA394196BA6C7F0643FD4D97DABE465F,0,0,0,0,0
6D081650C7383455B204B396D984995A,0,0,0,0,0
1684FD3CC86019D5AF21DF11803D1127,0,0,0,0,0
301957750D7569845BA51150F5992CC5,1,0,0,0,0
32AB1C5C9586E26E3DF64F724D9949DD,0,0,0,0,0
9A88D7D4AFB79CF33B6AD0273B4FB5B5,0,0,0,0,0
31921A1DB54AB686B31A3043703AC46C,0,0,0,0,0
E1977F2385933E3340984A5C0CB17884,0,0,0,0,0
264B2883717BF8369CCDB518C2D718C7,0,0,0,0,0
E2BB5BEB9829611B043917B49B2D5EB6,0,0,0,0,0
F05D39FBF650C69033D77AD22D9866B5,0,0,0,0,0
141B638184ACC63DE617A93E0E9DB223,0,0,0,0,0
17DBB19F726B64336E4C429DEABF8B89,0,0,0,0,0
B34BF663F314CAE12EFE894622EE499F,0,0,0,0,0
DAB175E54FBB490BBA65F992BF7B76D0,0,0,0,0,0
B19AFA7E8E3857129CB0FE25758DB1EF,0,0,0,0,0
34BB8553488E83BCAEB04019F04AED97,0,0,0,0,0
E066E6DCB0618D5DB3C24D047F2A274B,0,0,0,0,0
A89FB117DBFE061290AA6704F801122A,0,0,0,0,0
16C03340D6A1C86C1856A80196356036,0,0,0,0,0
BB384815E49F036E4804B409451CD66E,0,0,0,0,0
8B8D8E5160C9E12BCDA46ABE5E28DB7A,0,0,0,0,0
A22D0988C4A7202DC621CBD01708EE1B,0,0,0,0,0
90D3F0CE96387E468ED7A668E86C4A26,1,0,0,0,0
72A76EF45CA7B4B10E25F7093C72B6CF,1,0,0,0,0
48C2DE53FC55C4567B8BEB441ECF0569,0,0,0,0,0
FC8F09506C3DAB9FCCE9847186A43E37,0,0,0,0,0
1FA512A1D1FD12F07B17D2C34F7D02D2,0,0,0,0,0
C84A6AC71C242B27D8C825F9239DD17D,0,0,0,0,0
2FD8735298D954DB02E051EBE5B6835A,0,0,0,0,0
BAF20D1E376CC44B805F4585CDE1D72E,0,0,0,0,0
BCB2166195396F1108631B3A4B5450DE,0,0,0,0,0
FA4F4885095698E9075E2946CA25B0F4,0,0,0,0,0
1A8CD023A6F817414753220306ED5E35,0,0,0,0,0
25968F16CD64490B5D66687ADB0D8D6E,0,0,0,0,0
EF340811BA3CD2A5847915C536D2C99D,0,0,0,0,0
C077B4AEB459F678D1FAC0CFD4ED3BBF,0,0,0,0,0
90AF76BDAA708C1ACFFD5F223348E0FF,0,0,0,0,0
CCAD0E319D681B120846AAC25071AADA,0,0,0,0,0
78DE5247C1AF2A22B33F4B00EB185A38,0,0,0,0,0
1E077282A3145BC62AAB616293BC242E,0,0,0,0,0
3AC77D1E6709AE2B3CD0DE9BD52BC204,0,0,0,0,0
253E5CDEF128A6935DCC74650E20F2D0,0,0,0,0,0
1A7FEE78E9788F48A64EDD39B91CC1CF,0,0,0,0,0
CAC662222F6CA2DC7DD571164EEF044A,0,0,0,0,0
4A767262B3F8B21E7B837AE064FE80F1,0,0,0,0,0
80C1B89EE26620939515CD13E2F2AB65,0,0,0,0,0
BB7A21674CA125DC7B80F3C7B254BAA9,0,0,0,0,0
A3AC09978C5720B29B1419696CF5B687,0,0,0,0,0
F2FBA628F30E2A1C15BB133DEC20EFFF,0,0,0,0,0
326F36DC27A764182FF3FE33F108161B,1,0,0,0,0
A8D464DF1908FE499795CCE482EB1A17,0,0,0,0,0
45EC2BC212B234878A068CDC390D49D6,0,0,0,0,0
893D3891CA6DE576930376C31731D6BB,0,0,0,0,0
4FF361656DD0E961A4E71FEBA1D5E1AD,1,0,0,0,0
4D3F5568E170F3961445C4858D926927,1,0,0,0,0
EFBB5337C5BE96047D2CEB9DD7AB728F,0,0,0,0,0
14FE610A3948F4BCD79BA4A68F2FCEDA,0,0,0,0,0
B908725A71BDF36A78613255939C051D,0,0,0,0,0
231DF93EAC975A998C2FA8E326255307,0,0,0,0,0
890339832906BDAB2F41CAD420A02951,0,0,0,0,0
52C1794800D9EA8B540A03DAF52D856F,0,0,0,0,0
8F71C921C867394C17FD036EBB25F0BA,0,0,0,0,0
210F53E50815250E3DEADF4DACBD68D8,0,0,0,0,0
F4DD9C3F269F1830AF93FAD23AE9D43C,0,0,0,0,0
80C8B599AF92856199E17909805C5313,0,0,0,0,0
D47E4258B5656E12C235F0D30E3ED1A0,0,0,0,0,0
B4CE6A16A20C0F79DF067958AE674799,0,0,0,0,0
A6ADA8B17A8E29E2BA83F3593B6EB28E,0,0,0,0,0
BEC2FAB6E25FDFC4C0316906FF08850A,0,0,0,0,0
C8D51F0E5D4070523A9702A7F0E6B3B9,0,0,0,0,0
8622636B6C142E0B251B7948D82F4A30,0,0,0,0,0
95BA1E19652CF841A206692AFAE1359D,0,0,0,0,0
61ADBAABE9FCC4DBB75B1FA4C29B19D2,0,0,0,0,0
F10D81BDA428839BCCCF576947263F6C,0,0,0,0,0
D98246645E07E4D5338A7A4F3986D78C,0,0,0,0,0
BF1C7E63BCF94619DB58623310691D85,0,0,0,0,0
F1E93BFECDC1174804748AA41FD08653,1,1,0,0,0
BF569B22CBBDEBB35185CB27090D61FF,0,0,0,0,0
17F5F4138AC20D4303C3E901280BA7D2,0,0,0,0,0
381C56578BC8EA051C8EF5690C41A009,0,0,0,0,0
C6A490A4CF4D6985E24272E855F9B074,0,0,0,0,0
0BDFF8C819F2C565EF91956394C64769,0,0,0,0,0
ED70336BA9837710E7486E1F6DCF59CD,0,0,0,0,0
A0478095E72C86B399F776D8AFEFC76E,1,0,0,0,0
26004DBD8A587458E7C9BCAB1EBC83DE,0,0,0,0,0
3710CBB5CF7303D8822BC1AFF8A8B4E7,0,0,0,0,0
7D754A6466B6B752BADB28F99C791DA7,0,0,0,0,0
F42EE0D4ABA774BAB02FE832C6A82782,0,0,0,0,0
A0479002CC1867ED88483F9DE8455AFD,0,0,0,0,0
9CB45AA33433F243C995AE0F7DEB9F09,1,0,0,0,0
A153E59C45889F8BDE8DE34DD6CA2EE4,0,0,0,0,0
B08B006240EEBFAF77940B21346371C2,0,0,0,0,0
7CAA7F450EDB17647A0CA9FFC3C2B469,0,0,0,0,0
1CE01F43F8E6A4A6E5DF8F94F44BC175,0,0,0,0,0
CFF2FF6D56A7784FF82730D0C8B38808,0,0,0,0,0
3E9B90DD74E7AC260D5784832F14C60B,0,0,0,0,0
03EF58C321AFA7FA616A8D92B52623B5,0,0,0,0,0
FFBAC51B30271D54BAD6C80018BA3193,0,0,0,0,0
8995D5319A083C1942BCBADF78A2D12D,0,0,0,0,0
B30CC43D6DC94113779993E313FF57DB,0,0,0,0,0
A9B373E834043F3AE9A550C50767A2EF,0,0,0,0,0
C70C5608F1F10FFC212F7875DBA377E8,0,0,0,0,0
FBB5AF36811CC24EA2F9A7C34A49C729,1,0,0,0,0
4B22BD3ACD019AEA99BB455314CB0301,0,0,0,0,0
4F918362E22D046C2E019B2CCB5F5019,0,0,0,0,0
F1B230D903D5708D6F6F3FA49CBF9773,0,0,0,0,0
33DB4C3183F34E219847F388368E8491,0,0,0,0,0
14FAE1E215D911F6022BDA675A2A5CF0,1,0,0,0,0
2AA69C583F2998A578FBC64AEE860587,1,0,0,0,0
345D6EE7AA3D607DD7BA5AB8B81D48F8,0,0,0,0,0
59D89025B7C0E7AE8F4B341097067C0F,0,0,0,0,0
FB302246E490FA42AC91C2D8CD8071B2,0,0,0,0,0
7D3ADD646C570E6F172003F8199A772B,0,0,0,0,0
B29B5CFF01F70362219A40CCF0206CF4,0,0,0,0,0
146D2B908B56A60E866655B6B5DEA6FE,0,0,0,0,0
72940B5B294362EFBA7A7749C4371E95,0,0,0,0,0
2D83341C1CDCF93606BD4E119120A7D1,0,0,0,0,0
DDC9FD215C09CCCE1F6616D995B5ED2A,0,0,0,0,0
121AC587B2C63F106BA26F78AC4D7747,0,0,0,0,0
ED077FBA7F3080D82D63DD8726DDFBD4,0,0,0,0,0
39380A0B75A9A52BB4C28E10AD71B802,0,0,0,0,0
07F4082D4CF7A1BEA25371A0EF7CC8B5,0,0,0,0,0
DCB6DE4D2B5A5DF4843365AEB8F4ED08,0,0,0,0,0
5A579B36962BA62AC489AB94FFC43187,0,0,0,0,0
0E92F2C7E44E214BC7D7F885F8F86174,0,0,0,0,0
61239C5D318B9FD5B72E107BE000E875,0,0,0,0,0
15FCDDDFB3844DE18D96994088116EE9,0,0,0,0,0
74FB95C38D66ADDC5ED641799A16BF5F,1,0,0,0,0
3A02770790D65CF9D0EC38AB1BA78E01,0,0,0,0,0
24C64017C9FE33FA4042C0557EB73452,0,0,0,0,0
AD8F6F97D64872EC01B3DAD57C7AB427,0,0,0,0,0
D7480803F313655E5DAF0D3915FE9FEE,0,0,0,0,0
89C75C895724F647ECD5276EDD6588A0,0,0,0,0,0
3B9550755BC7BC61DB913B51867AE8D7,0,0,0,0,0
DF4186E984678324AEFF3AD422FA882A,0,0,0,0,0
D238D0731345CC8B6DBACBBA27827389,1,1,0,0,0
A03364488516FD85F57131FAD86FD0D9,0,0,0,0,0
B3A27AD47B91B494559AECC6AA2BF20B,0,0,0,0,0
FFB0743FFC4FE84556A778D848C2036E,0,0,0,0,0
04597CE47AAAA4075DEC8D1BA7103817,0,0,0,0,0
19A792621FA6F626EE576F9FEFE78CE9,0,0,0,0,0
C954D30BA0722D565EF49F474F62C551,1,1,0,0,0
774B13AC4BAA5C70AE224AE10C7E1187,0,0,0,0,0
6D5110328C7C53E5EF927F19C42FA219,0,0,0,0,0
686AB9EE2BE1CCD53950DA8DE6B8161D,0,0,0,0,0
7F6392DA7527503F6497BDC0A78CE90B,0,0,0,0,0
B290DC80FFBD27EB5CAFCDBD541D3EF3,0,0,0,0,0
AA26BF1FACDBBFD6A7A16A0B153B3244,0,0,0,0,0
C20A30736C5BB4EE90A9B2AF5300C425,0,0,0,0,0
E4DE8EF4FAC7644A58802DF21A5CFA23,0,0,0,0,0
86CDAD38F12E35A950F39FC289C9155D,0,0,0,0,0
FE91F6AB26A114F62D9EE25E6B894F5D,0,0,0,0,0
FE6B665346447C670DF50F51D5A069F8,0,0,0,0,0
3FCDE5D826898FF3194E27B5F3022B58,1,0,0,0,0
6FD0149BB36BDE43BDB74576D6A0F3F4,1,0,0,0,0
608C761592C023889D24609CA317D82D,1,0,0,0,0
4A1C4E471B52459B65004E6A195001BD,0,0,0,0,0
A1B66E5C2266E7B12F3981531B2A99E5,0,0,0,0,0
AE1ECEE82776CD3E78080D47A1D5B335,1,1,0,0,0
2190B408966A48D73FA6299AD925AEDE,0,0,0,0,0
E9329F205D65F4B9B468D83F8231D063,0,0,0,0,0
01F52998DC747EF200342B5BA3C79297,0,0,0,0,0
A980EF251421A6BC6EFE03D2AC56C4F3,0,0,0,0,0
B3979A15A155B62E57AB87FF047119B3,0,0,0,0,0
FA9012287FA18F6B81B6352CC82631D5,0,0,0,0,0
34C702D48728042F5EAC457E743A93E4,0,0,0,0,0
7B5E01577BDCC3737147DA24018BBB31,0,0,0,0,0
CBE0F3154360EF01F82F438C29B38DD2,0,0,0,0,0
5B2EB7214B4FC38C5A17C2ECDC7B66DD,1,0,0,0,0
B9CD659E20F6116E40ECEF154600547B,0,0,0,0,0
B8D8A7C2B7CD9C61EDFA485523E006CA,0,0,0,0,0
91C1AC496C4E7BB57D46CB83B0ABE25D,0,0,0,0,0
D6E21C6B84FA389D4AC24C85B1D5FF08,0,0,0,0,0
125A4DCFFA1FD8A0B3BF1FE295286C4B,0,0,0,0,0
D98A4847F5B706DEB730E54D74A25C25,1,0,0,0,0
AC592917BFCF2DB023B16B45A0909196,0,0,0,0,0
BC4A4D454FD7C97F563C4A86511AD36D,1,0,0,0,0
6F0A90C9C6099ABC64E0CE2D69492B34,1,1,0,0,0
058AC931E74BD1D7CFF8E520EA550CAF,0,0,0,0,0
97174D44DA1313EB768AB23FD0D6BDB9,0,0,0,0,0
F6DB7DFC3FBB60CE12E81668C10D5E13,0,0,0,0,0
68549F5DEFA01C8D88F485E2A79A0133,0,0,0,0,0
22791F637313D4E1DDC18327880A19C9,0,0,0,0,0
08B8562CEC1D86138081927B0B2642C5,0,0,0,0,0
A98BEA0FB7ED33FDC51AEBFDDABF5CDC,0,0,0,0,0
F83B0E701474420D1847765E3912BB79,0,0,0,0,0
6D0F9E01108A84C2D13787A729403858,0,0,0,0,0
9D8AE074664E6421106B95DF325AA804,0,0,0,0,0
4CA954F7A73105EF31F353FBE3DCC557,0,0,0,0,0
F53AAA60DB0359C78A558B2FC37D6B68,1,0,0,0,0
135AB571B65C1F2FDB5BB4E88416660D,0,0,0,0,0
B53AE01A8143B3419A585C02EDEBAE5A,0,0,0,0,0
1828AE47670D30F867EDF8CB0C9AB306,0,0,0,0,0
CEC0679F9C227D0B34035B27E185601B,0,0,0,0,0
A69235979A4A1A7E96AF03BACC6C3BB8,0,0,0,0,0
42A3BE34549586284FFC082B0BE2D9A4,0,0,0,0,0
1415024CCD3FA9C9D317E6DB48C7E9EA,0,0,0,0,0
0D39020A219E918EF3FABD3CF01D64ED,0,0,0,0,0
3BC59ADAFF1DB0815B7CEFAA3961596B,0,0,0,0,0
2AC44BBA6943CEEC6A559D799F9AE83F,0,0,0,0,0
99EDA06728B3CC3288A2E61798755DC5,0,0,0,0,0
48D638D9F6BD20DDFEADC487FAADA221,0,0,0,0,0
42F592607E8AC652A1EE2AE75AB414C4,0,0,0,0,0
2247AC98D57258F19A1D52FF6C1A157E,0,0,0,0,0
C991DFF9628F7D096E99149C5F95E7B5,0,0,0,0,0
A7B1F208C4CE590BC3B7FCC4438693F3,1,0,0,0,0
D1D047A6F04F3D35401CC0D4238568DA,0,0,0,0,0
042AB25C782A3992F7F782286A6F17DE,0,0,0,0,0
80B10A6037F338CEC5C5CD08B7A34D01,0,0,0,0,0
84A1E4FC9287446D5533316E82C7CEA0,0,0,0,0,0
C4F3FE176FC3DFB10206C9287256DA7C,0,0,0,0,0
41B32B9D4F78DFB0679B4EADC62BDAED,0,0,0,0,0
F16A83E52A485FDA696D509F7F626C34,0,0,0,0,0
7D30176BE9037B3949079A1293600540,0,0,0,0,0
65C6C832CF5B73F26F95F7D210A503BF,0,0,0,0,0
82073F44F761E21FBC95DB68BF77F053,0,0,0,0,0
D1467CF4C4C20AAE2A4DF0E41027630A,0,0,0,0,0
D792A060B11D6D6C62CEB2D2BFB2B3B6,0,0,0,0,0
027E4BE199AA6A86419A1E8E188C51C4,0,0,0,0,0
9D74D17E8A818CEAB281D30623B6123E,0,0,0,0,0
27014189C90C17ECB83D3DF9BF6303B2,0,0,0,0,0
F28CAA20A53ECC1C972FECEB9C0B1914,0,0,0,0,0
08CC7EE4D92926EFC0F2FC45D188ECEB,0,0,0,0,0
DDF1A01541214C21765AB00738D62C57,0,0,0,0,0
64A89B13EF8BAE25F19B416B903EE7CF,0,0,0,0,0
08F35879359632C45A2E67B663797370,0,0,0,0,0
F16AFF0C404C51589503DCE5B21CEA98,0,0,0,0,0
D4692B95D021CE5CF7C9F2B105BB2B62,0,0,0,0,0
EB7F9985BEF177B58514624671FD1359,0,0,0,0,0
CD02EDB620C5314ECEE0385975275052,0,0,0,0,0
6F39C78A636847AAAE16FC3FBD3C1A64,0,0,0,0,0
345D9F70E7907EE893DC1CF5FE771505,0,0,0,0,0
D0A1C0F183061537E33D1A9B2A98AEE7,0,0,0,0,0
244E70B5F2F468691047163913105871,0,0,0,0,0
83B591FABD897593568AEDF376EF0989,0,0,0,0,0
E1B0B8DB5E6F30FEFFA159EC2240904D,0,0,0,0,0
8E0E5FAB808DA5DD0A3065C262491807,0,0,0,0,0
20832D52BFF971CFC6B09EBAECFF9A36,0,0,0,0,0
006A4BFF393612BB080B033CB1435C6F,0,0,0,0,0
0A0F73A4F7559770009AAFCEF673454E,0,0,0,0,0
9051D190D831A75176CD0A021AFF4E72,0,0,0,0,0
434B0D38529E590C9440FF32DD284522,0,0,0,0,0
957567CF60F8A385A6CCD92AAE5C0C88,0,0,0,0,0
6BF8F072918B82DBC7B6A169F5E87A56,0,0,0,0,0
8BB3A92EA24EE89165C38D5CEC69082C,0,0,0,0,0
CD9A6A09E00819F16CF2001307F7952C,0,0,0,0,0
1043BC25899C06B1AEF3E3B833B28D80,0,0,0,0,0
45D9EBD691F47373FD856CBE915D421F,0,0,0,0,0
A142590C8E768E81C80A9198EB67E28F,0,0,0,0,0
B0C87847F9D632351FCFC27ADBC78A79,0,0,0,0,0
D15FA96BEEC49A2C39A99D293B842954,0,0,0,0,0
4940CDC6D1C4B664BD82DA2D8D10F945,0,0,0,0,0
92280028FF571F517C008A34253C2876,0,0,0,0,0
868120CE8D1671CD8EFAC6CEE11ACD0A,0,0,0,0,0
26122BE3C5FF10632892D8AA58CEF0B2,0,0,0,0,0
B821401A99A114BFA886A58755D0A579,0,0,0,0,0
1977B1AC38109987B992FA578553F202,0,0,0,0,0
CFE66022FCA4EE6F96873911CEA438B3,0,0,0,0,0
7A21D444D5231D49144A0468FEAE4D57,0,0,0,0,0
64583AA96C9002300477E86E45E59B25,0,0,0,0,0
1032726F9E3D8A7C12C68D7C0178F3C0,0,0,0,0,0
334EAE79A289034FFC79B39AE4B52394,0,0,0,0,0
818F308DED9534E872A6B26754DC3EFF,0,0,0,0,0
20333FB95C3FDD51A55FD56A5DC8795E,1,0,0,0,0
F6EA028A00C8D2510D1C389B294374C6,0,0,0,0,0
DCB9A6B97997A086265442D554B39610,0,0,0,0,0
FC8552E26406D20EED759EBC9F2797F1,1,0,0,0,0
F23A3EF5A59B5989A2C63C268C45961B,0,0,0,0,0
CB093083CDAEEA510048ECDDFF9C2127,0,0,0,0,0
96F64DD63975AB957DDEE816F5629026,0,0,0,0,0
A99822922EF14464E80DF4BBECC215CB,0,0,0,0,0
2EF052D02EAC0429A64038B16EB88B27,0,0,0,0,0
DCC9D8E02EE36677C55964954EF39FA4,0,0,0,0,0
D9B1F7248E367842F9ED664094925ACD,0,1,0,0,0
B88EBAE7E9FB275560934BC773F61F59,0,0,0,0,0
CDFD31D6E0976EA7A9526AD6218A5187,0,0,0,0,0
0D05BA982E7A9D9FBFB0171FFECAFF98,0,0,0,0,0
85CF811F29A084FDAAF894C841DFFEAB,0,0,0,0,0
571DA06DBD12C0A46E70AA0C8A18D9ED,0,0,0,0,0
9A6E60C0B4E95E82C0B37DB73B4E0558,1,0,0,0,0
9250A7D0F863600502BF6C3B32CEE06B,0,0,0,0,0
83344D9F7C1095460835B718825A86EA,0,0,0,0,0
8420D121C41B2F85526D5D8085EEA2D8,0,0,0,0,0
A3F0C3503F89338A9D9FB7E33DCFAEDA,0,0,0,0,0
6280D9197D402FA5F612C6785AEA36FA,0,0,0,0,0
51D714BF39B8274D654B435FE6521F0A,0,0,0,0,0
F7BE25BFE22FE4608C8EE75C622BA2BA,0,0,0,0,0
4CA23EE09EDCA1E0EC65952278D090FC,1,0,0,0,0
D09854F25078A9B7E3D106BCF6538D23,0,0,0,0,0
9258044F35BAD14BF1599254A2CBC3BE,0,0,0,0,0
9A7EBFB489F39EB008C0E019AC365272,0,0,0,0,0
6C7C250FC938088C452F1FD021781E33,0,0,0,0,0
95D3BA6B3B5F5563DBB9D8C67AE792E1,0,0,0,0,0
C76FE1D87E2428509B61F287413DC16C,0,0,0,0,0
212E5AD3E20B38666EC01945A8B35340,0,0,0,0,0
500C14D6992F1F4CF1832EFE3B7811D9,0,0,0,0,0
ACF731DB232EA175DA3E3FD8E582CB1C,0,0,0,0,0
AF6D92067CE3C923028A084923FB9180,0,0,0,0,0
089740AE30806F77E4EAF71BFE4F51C8,0,0,0,0,0
B602CBAEA1B0426A84480BB1BD36D733,0,0,0,0,0
C965541331BCFC915F39C725C9FEE4F3,0,0,0,0,0
FB872EF7AC139716DB12EA0DB617352F,0,0,0,0,0
E15B43D4837E8A681CB57C76427A5BE2,0,0,0,0,0
6FF428FB2E4903A2EE71E6E84106E087,0,0,0,0,0
637D247F8269BAB5A073EE08ECEDE3F1,0,0,0,0,0
ECFA0021106092F3C7647A0E4B3ECB2F,0,0,0,0,0
D74933D876D8112E274B4C3F114A13BE,0,0,0,0,0
27E35DEFD9A0D303228A38D7F5A75D2E,0,0,0,0,0
47B340C7D079134585F6798108D76756,0,0,0,0,0
EA6EB8EE236B629892A73A0A2C8F33DE,0,0,0,0,0
A10D9A8A619EFFB3BF93AB101AEA7C54,0,0,0,0,0
1BD9183243D9F1EBA5BDB70D2BBC8B00,0,0,0,0,0
C4479DA6D4C5B19243AA425A17B6E202,0,0,0,0,0
B46BDC7C76B4FD0BD663EDC5C3157A2D,0,0,0,0,0
B217A8B8809BC2E0F25A200E24B3E291,0,0,0,0,0
0F2E474ACF2874BB6FF69A00180CB4DB,0,0,0,0,0
AA1905C9B1F5ED7F8F28D3079294AD7E,0,0,0,0,0
8FBF62F1DE5FF96A82343B6535E88387,0,0,0,0,0
7A68F92C323D72C30DBDBAFF89631B1F,0,0,0,0,0
B9BC1E0997C45B4D7CAE378E13C71F32,0,0,0,0,0
DD3409548A220B1978B07BC700292AE5,0,0,0,0,0
12D70ED16053F2541F6F99D585122E30,1,0,0,0,0
4048620636E1DB96376B3DCA5E8864EE,0,0,0,0,0
8315C8AC0DDC6B83210874FEEE6EB123,1,0,0,0,0
E99CDB9B84D5BDE018A426A5E1A70ED7,0,0,0,0,0
4950A99FC020FAA07A535305BB35A38A,0,0,0,0,0
39EA51CCD8EE70D93CCF39CD3EC728AB,0,0,0,0,0
5E40E638C19CB8D0BE0B9E643FF0EF98,0,0,0,0,0
C0A2960B2F7CDC9762C9AFBC6DD37B1B,0,0,0,0,0
697EBE3B90437458B10AA62C7E10B25C,0,0,0,0,0
39571A12736566D7AFD38C4AAB8EA4F1,0,0,0,0,0
2D15922B99EF3C07D5BAD56A10AAD77E,0,0,0,0,0
6419B96B266BF20DFD827F6D1502B184,0,0,0,0,0
C9EFDEA1CCB66AF847C8383189664C4D,1,0,0,0,0
14F880D0E556AD84DBE8632A6C2A2B19,0,0,0,0,0
F145FDBBDDE565D15F6E559ECEC2A239,0,0,0,0,0
CA02CAFE17B74960B4A9C7D6B8A16525,0,0,0,0,0
25A7BBA8DFB09059BEA2B2D7A0BCA020,0,0,0,0,0
863F45CE0F56077D3883CEDCAE792893,0,0,0,0,0
7816D057B75A378D6E6FC15BEC477666,0,0,0,0,0
05179A395E37C90208B7CDCEE2013EF6,0,0,0,0,0
D7295D835138B0582692F63E5E0FA367,0,0,0,0,0
D2EC7ACEE27C8FF77AAA09E56DD571AF,0,0,0,0,0
D2A024EDF5FA49462E5C88AC7B5C0DD8,0,0,0,0,0
D5A3FA7B02BBB0441FBD9609AB0841A5,0,0,0,0,0
11695444BC8A226720950374699AA346,0,0,0,0,0
A5BA07479E314BA910DA733AA7286B06,0,0,0,0,0
01EC30C0A2D123478D008C1F1AB7BE4E,0,0,0,0,0
24A775BA7F77C337EADE181DD1D912F6,1,0,0,0,0
593670E2440AA385D2EE524E1BC92617,0,0,0,0,0
BD7F775DEBCB4869F6FE1C73D3A911A8,0,0,0,0,0
2FBB38423EBDED6611E91650A86665B0,0,0,0,0,0
9412DE88F4931680C19DE8B30DDC6BF6,0,0,0,0,0
94C631B8EFFC86CB3829F585603CFEAD,0,0,0,0,0
4148D43166D4AA3531666A4221E97C8B,0,0,0,0,0
0A73D6D38E86904AAD1846C605611394,0,0,0,0,0
6B55E97CD43A672AEE07769E663268A8,1,0,0,0,0
B9B2F3079F0D66084A5C4271AE659D05,0,0,0,0,0
04B6A7D1CDEACADE2837BD20F26A8B01,0,0,0,0,0
AB7600427E32A70E0C3E36D5AD68F70F,0,0,0,0,0
8781524DDF34DBACEE06F0AE7D761C23,0,0,0,0,0
E7CEB63A3F353C0C368E1BCACED3E176,1,0,0,0,0
5D657AAF3A7991F1E49A02AB8106F514,0,0,0,0,0
CF107138F654D3BC1EFB2443BBFF9271,0,0,0,0,0
C16539C319161EE2985A02FEE38378BF,0,0,0,0,0
74A26AA415366ABF3402C5CCC173B7CE,0,0,0,0,0
BB520E30762F43E95CCEBC8973D7ADCF,0,0,0,0,0
8B81A1C8929F341B55EA31E6F53D215B,0,0,0,0,0
D36AE083B6A860181DD49E911DAFA60C,0,0,0,0,0
515CAE9722DCD26FEC21CC0C26E7BC81,1,0,0,0,0
3A85D3BABF84D5B7E77661B8A6C5FDC1,0,0,0,0,0
74175D5B861E748A3AD00EEAFC82D009,0,0,0,0,0
A91DB8D880098FCF6625A2282208A273,0,0,0,0,0
801CDDA04A82125E2183A6404414E360,0,0,0,0,0
42C9DB98F938C15A561F471A7914627C,0,0,0,0,0
6F5F0C402F83E87DD34D8E024D1F6F52,0,0,0,0,0
E21B43D83077B4CBAE20D42B75534999,0,0,0,0,0
C5DB0AEE3975AED4C129EB6D35FA69A3,0,0,0,0,0
CBBB4A4A7A0392182991368C847C1931,0,0,0,0,0
38E27721BBFFA7E50B8795F440641F94,0,0,0,0,0
9E22EB1D46FF82796C2A28A76E32B723,0,0,0,0,0
A35D012FF2B8F7241418BE7EA118FDF9,0,0,0,0,0
C97576501233C63702A0F66519D034EC,0,0,0,0,0
9B79C20430F67CB15C17528935EA13B8,0,0,0,0,0
D1D3A57490223361E38CD67665E7E892,0,0,0,0,0
FBC5AB929229D3E06854FBADEA23B05D,0,0,0,0,0
9F706A933E62702953995AE6CB39F6D7,0,0,0,0,0
A68DE4A63B438FC93088416EE0503064,0,0,0,0,0
FC918175B6B9BE13DA3505A00643A994,0,0,0,0,0
83193DC6DDFEF88801B7B1FF3D4334CD,0,0,0,0,0
60FFCDA0BFAD9B60D7663B4D67564133,0,1,0,0,0
2A762E1141CBAABE495C3510D1591ABE,0,0,0,0,0
4880F94DB4F21E3343385FB4F087C42C,0,0,0,0,0
30CD89016B14E8E0F8B15EAF9264A6F5,0,0,0,0,0
4EEF1FEC2BC782891A04C42CC8CBD85A,0,0,0,0,0
B7568AB5943DA5424E2D01CBBA0B4449,0,0,0,0,0
495F970367BD829A3E5845EBAC857877,0,0,0,0,0
7B7B161B9E3270F9B21B4ACFF4FF83F4,0,0,0,0,0
EB303D17D0A6C970DB199AD4C6B9480B,1,0,0,0,0
FAC06AAFC4D740099AF52200B4CCF71C,0,0,0,0,0
5360CF663797C3A84FEA6DC61EBA2E11,0,0,0,0,0
13DED0528322E6795AC07D3FE21D5105,0,0,0,0,0
75EDE44888174FE207169F633FAF1B46,0,0,0,0,0
BBA2DC16ED24088442B0FA9E57323550,0,0,0,0,0
A9E5110C974FC0BD5A470F25A70A7092,0,0,0,0,0
FE21DE741FA6F0F1EA2C8D9BA4222074,0,0,0,0,0
34FA8004FFB75BA109E278F7C9C1BD1A,0,0,0,0,0
B5B157E3E8A227454342438C6049AA20,0,0,0,0,0
871340D92D1FED907283D08D2330D685,1,0,0,0,0
54238F5D431537F2C389AAE041FD2BC0,0,0,0,0,0
08B6A3BB4B49145CAF657D5149111DAC,0,0,0,0,0
2E7A369DE23DDFC12F130C8908B6B35A,0,0,0,0,0
8A36D8C0103F34529F85FBF414562B35,0,0,0,0,0
5189C1F0BB6892B31B6A00282A60723D,0,0,0,0,0
3A3ACDB09D3BA3E2228BF22F8A46613D,0,0,0,0,0
75E5466079C14714FC8D6F66B95060F0,0,0,0,0,0
99FABF4D1EB0768595C9099F39674781,0,0,0,0,0
B2306DAB1B1A49BC821B38AE759AA79B,1,0,0,0,0
4C0250CA92D128AAE4B782BE12411B1D,0,0,0,0,0
C88ACE7D520B97A977806065E40C04A1,0,0,0,0,0
1072F101CD47D7DDA7DC42106617C456,0,0,0,0,0
049DA42AC731BB59D021CEDDBED59F59,0,0,0,0,0
2A83C8CADEA58147FB57430F5A9C906F,0,0,0,0,0
02D6FDF81EB86DD6EBE24E19C6F383E5,0,0,0,0,0
D6A85D470581C5885D62AA09B4DF7590,0,0,0,0,0
AF4CA8FAD3630906D2F49C5381D41DF7,0,0,0,0,0
5FE29C9787A9494B15BD19CFCFC28A6F,0,0,0,0,0
60A96B9AA899C6A58090F4A30E89A741,0,0,0,0,0
296AA6A1296098618E9377D0F8E573D0,0,0,0,0,0
CAB577309D4959B106AF57D42779881C,0,0,0,0,0
61296C37BD3CF888FD2C08A4FAF1E090,0,0,0,0,0
